--
-- PostgreSQL database dump
--

-- Dumped from database version 17.4
-- Dumped by pg_dump version 17.4

SET statement_timeout = 0;
SET lock_timeout = 0;
SET idle_in_transaction_session_timeout = 0;
SET transaction_timeout = 0;
SET client_encoding = 'UTF8';
SET standard_conforming_strings = on;
SELECT pg_catalog.set_config('search_path', '', false);
SET check_function_bodies = false;
SET xmloption = content;
SET client_min_messages = warning;
SET row_security = off;

--
-- Name: user_role; Type: TYPE; Schema: public; Owner: postgres
--

CREATE TYPE public.user_role AS ENUM (
    'user',
    'admin',
    'superAdmin'
);


ALTER TYPE public.user_role OWNER TO postgres;

--
-- Name: get_tank_capacity_by_depth_cm(integer, numeric); Type: FUNCTION; Schema: public; Owner: postgres
--

CREATE FUNCTION public.get_tank_capacity_by_depth_cm(p_tank_id integer, p_depth_cm numeric) RETURNS text
    LANGUAGE plpgsql
    AS $$
DECLARE
    depth_cm_trimmed numeric := TRUNC(p_depth_cm, 1);          -- ne garder qu'une d‚cimale
    depth_mm integer := (depth_cm_trimmed * 10)::integer;      -- conversion en mm
    v_min_depth integer;
    v_max_depth integer;
    exact_volume numeric;
    low_d integer; low_v numeric;
    high_d integer; high_v numeric;
    decimal_digit integer;
    frac numeric;
    interp_volume numeric;
BEGIN
    SELECT MIN(depth), MAX(depth)
    INTO v_min_depth, v_max_depth
    FROM tank_chart_point
    WHERE tank_id = p_tank_id;

    IF v_min_depth IS NULL OR v_max_depth IS NULL THEN
        RETURN 'Charte vide';
    END IF;

    IF depth_mm = 0 THEN
        RETURN 'Aucun volume mesurable';
    ELSIF depth_mm < v_min_depth OR depth_mm > v_max_depth THEN
        RETURN 'Volume non pris en charge';
    END IF;

    -- cas exact
    SELECT volume INTO exact_volume
    FROM tank_chart_point
    WHERE tank_id = p_tank_id AND depth = depth_mm AND volume IS NOT NULL
    LIMIT 1;

    IF exact_volume IS NOT NULL THEN
        RETURN ROUND(exact_volume)::integer::text; -- arrondi standard
    END IF;

    -- point inf‚rieur
    SELECT depth, volume INTO low_d, low_v
    FROM tank_chart_point
    WHERE tank_id = p_tank_id AND depth < depth_mm AND volume IS NOT NULL
    ORDER BY depth DESC
    LIMIT 1;

    -- point sup‚rieur
    SELECT depth, volume INTO high_d, high_v
    FROM tank_chart_point
    WHERE tank_id = p_tank_id AND depth > depth_mm AND volume IS NOT NULL
    ORDER BY depth ASC
    LIMIT 1;

    IF low_d IS NULL OR high_d IS NULL THEN
        RETURN 'Volume non pris en charge';
    END IF;

    IF high_d = low_d THEN
        RETURN 'Volume non pris en charge';
    END IF;

    -- EXTRAIRE LE PREMIER CHIFFRE APRES LA VIRGULE
    decimal_digit := ((depth_cm_trimmed * 10)::integer % 10);
    IF decimal_digit < 0 THEN decimal_digit := ABS(decimal_digit); END IF;

    frac := decimal_digit::numeric / 10.0;

    -- interpolation selon ta rŠgle m‚tier
    interp_volume := low_v + frac * (high_v - low_v);

    IF interp_volume IS NULL THEN
        RETURN 'Volume non pris en charge';
    END IF;

    RETURN ROUND(interp_volume)::integer::text;
END;
$$;


ALTER FUNCTION public.get_tank_capacity_by_depth_cm(p_tank_id integer, p_depth_cm numeric) OWNER TO postgres;

--
-- Name: tank_get_height_for_volume(integer, numeric); Type: FUNCTION; Schema: public; Owner: tank_user
--

CREATE FUNCTION public.tank_get_height_for_volume(tank_id_param integer, v_val_param numeric) RETURNS numeric
    LANGUAGE plpgsql STABLE
    AS $$
DECLARE
  p_lo RECORD;
  p_hi RECORD;
  result NUMERIC;
BEGIN
  IF tank_id_param IS NULL OR v_val_param IS NULL THEN
    RETURN NULL;
  END IF;

  SELECT * INTO p_lo
  FROM tank_chart_point
  WHERE tank_id = tank_id_param AND volume <= v_val_param
  ORDER BY volume DESC
  LIMIT 1;

  SELECT * INTO p_hi
  FROM tank_chart_point
  WHERE tank_id = tank_id_param AND volume >= v_val_param
  ORDER BY volume ASC
  LIMIT 1;

  IF p_lo IS NOT NULL AND p_lo.volume = v_val_param THEN
    RETURN p_lo.height;
  ELSIF p_hi IS NOT NULL AND p_hi.volume = v_val_param THEN
    RETURN p_hi.height;
  END IF;

  IF p_lo IS NOT NULL AND p_hi IS NOT NULL THEN
    IF p_hi.volume = p_lo.volume THEN
      RETURN p_lo.height;
    END IF;
    result := p_lo.height + ((v_val_param - p_lo.volume) * (p_hi.height - p_lo.height)) / (p_hi.volume - p_lo.volume);
    RETURN result;
  END IF;

  IF p_lo IS NULL AND p_hi IS NOT NULL THEN
    RETURN p_hi.height;
  ELSIF p_hi IS NULL AND p_lo IS NOT NULL THEN
    RETURN p_lo.height;
  END IF;

  RETURN NULL;
END;
$$;


ALTER FUNCTION public.tank_get_height_for_volume(tank_id_param integer, v_val_param numeric) OWNER TO tank_user;

SET default_tablespace = '';

SET default_table_access_method = heap;

--
-- Name: alerts; Type: TABLE; Schema: public; Owner: postgres
--

CREATE TABLE public.alerts (
    id integer NOT NULL,
    tank_id integer NOT NULL,
    severity character varying(20) NOT NULL,
    message text NOT NULL,
    status character varying(20) DEFAULT 'active'::character varying,
    created_at timestamp without time zone DEFAULT now(),
    updated_at timestamp without time zone DEFAULT now(),
    acknowledged_at timestamp without time zone,
    acknowledged_by integer,
    resolved_at timestamp without time zone,
    resolved_by integer,
    CONSTRAINT alerts_severity_check CHECK (((severity)::text = ANY ((ARRAY['low'::character varying, 'critical'::character varying, 'maintenance'::character varying])::text[]))),
    CONSTRAINT alerts_status_check CHECK (((status)::text = ANY ((ARRAY['active'::character varying, 'acknowledged'::character varying, 'resolved'::character varying])::text[])))
);


ALTER TABLE public.alerts OWNER TO postgres;

--
-- Name: alerts_id_seq; Type: SEQUENCE; Schema: public; Owner: postgres
--

CREATE SEQUENCE public.alerts_id_seq
    AS integer
    START WITH 1
    INCREMENT BY 1
    NO MINVALUE
    NO MAXVALUE
    CACHE 1;


ALTER SEQUENCE public.alerts_id_seq OWNER TO postgres;

--
-- Name: alerts_id_seq; Type: SEQUENCE OWNED BY; Schema: public; Owner: postgres
--

ALTER SEQUENCE public.alerts_id_seq OWNED BY public.alerts.id;


--
-- Name: measurements; Type: TABLE; Schema: public; Owner: postgres
--

CREATE TABLE public.measurements (
    id integer NOT NULL,
    tank_id integer NOT NULL,
    user_id integer NOT NULL,
    measured_height_cm numeric(5,1) NOT NULL,
    calculated_volume_liters integer NOT NULL,
    measured_at timestamp without time zone DEFAULT now() NOT NULL
);


ALTER TABLE public.measurements OWNER TO postgres;

--
-- Name: measurements_id_seq; Type: SEQUENCE; Schema: public; Owner: postgres
--

CREATE SEQUENCE public.measurements_id_seq
    AS integer
    START WITH 1
    INCREMENT BY 1
    NO MINVALUE
    NO MAXVALUE
    CACHE 1;


ALTER SEQUENCE public.measurements_id_seq OWNER TO postgres;

--
-- Name: measurements_id_seq; Type: SEQUENCE OWNED BY; Schema: public; Owner: postgres
--

ALTER SEQUENCE public.measurements_id_seq OWNED BY public.measurements.id;


--
-- Name: otp_codes; Type: TABLE; Schema: public; Owner: tank_user
--

CREATE TABLE public.otp_codes (
    id integer NOT NULL,
    phone character varying(20) NOT NULL,
    otp character varying(6) NOT NULL,
    created_at timestamp without time zone DEFAULT now(),
    expires_at timestamp without time zone NOT NULL,
    used boolean DEFAULT false
);


ALTER TABLE public.otp_codes OWNER TO tank_user;

--
-- Name: otp_codes_id_seq; Type: SEQUENCE; Schema: public; Owner: tank_user
--

CREATE SEQUENCE public.otp_codes_id_seq
    AS integer
    START WITH 1
    INCREMENT BY 1
    NO MINVALUE
    NO MAXVALUE
    CACHE 1;


ALTER SEQUENCE public.otp_codes_id_seq OWNER TO tank_user;

--
-- Name: otp_codes_id_seq; Type: SEQUENCE OWNED BY; Schema: public; Owner: tank_user
--

ALTER SEQUENCE public.otp_codes_id_seq OWNED BY public.otp_codes.id;


--
-- Name: tank_chart_point; Type: TABLE; Schema: public; Owner: postgres
--

CREATE TABLE public.tank_chart_point (
    id integer NOT NULL,
    tank_id integer NOT NULL,
    depth numeric NOT NULL,
    volume numeric NOT NULL
);


ALTER TABLE public.tank_chart_point OWNER TO postgres;

--
-- Name: tank_chart_point_id_seq; Type: SEQUENCE; Schema: public; Owner: postgres
--

CREATE SEQUENCE public.tank_chart_point_id_seq
    AS integer
    START WITH 1
    INCREMENT BY 1
    NO MINVALUE
    NO MAXVALUE
    CACHE 1;


ALTER SEQUENCE public.tank_chart_point_id_seq OWNER TO postgres;

--
-- Name: tank_chart_point_id_seq; Type: SEQUENCE OWNED BY; Schema: public; Owner: postgres
--

ALTER SEQUENCE public.tank_chart_point_id_seq OWNED BY public.tank_chart_point.id;


--
-- Name: tanks; Type: TABLE; Schema: public; Owner: postgres
--

CREATE TABLE public.tanks (
    id integer NOT NULL,
    name text NOT NULL,
    capacity integer,
    type_id integer
);


ALTER TABLE public.tanks OWNER TO postgres;

--
-- Name: tank_status; Type: VIEW; Schema: public; Owner: postgres
--

CREATE VIEW public.tank_status AS
 SELECT t.id,
    t.name,
    t.capacity,
    m.calculated_volume_liters AS current_volume,
    round((((m.calculated_volume_liters)::numeric / (NULLIF(t.capacity, 0))::numeric) * (100)::numeric), 1) AS fill_percent,
    m.measured_at AS last_measured_at
   FROM (public.tanks t
     LEFT JOIN LATERAL ( SELECT measurements.calculated_volume_liters,
            measurements.measured_at
           FROM public.measurements
          WHERE (measurements.tank_id = t.id)
          ORDER BY measurements.measured_at DESC
         LIMIT 1) m ON (true));


ALTER VIEW public.tank_status OWNER TO postgres;

--
-- Name: tank_types; Type: TABLE; Schema: public; Owner: postgres
--

CREATE TABLE public.tank_types (
    id integer NOT NULL,
    name text NOT NULL
);


ALTER TABLE public.tank_types OWNER TO postgres;

--
-- Name: tank_types_id_seq; Type: SEQUENCE; Schema: public; Owner: postgres
--

CREATE SEQUENCE public.tank_types_id_seq
    AS integer
    START WITH 1
    INCREMENT BY 1
    NO MINVALUE
    NO MAXVALUE
    CACHE 1;


ALTER SEQUENCE public.tank_types_id_seq OWNER TO postgres;

--
-- Name: tank_types_id_seq; Type: SEQUENCE OWNED BY; Schema: public; Owner: postgres
--

ALTER SEQUENCE public.tank_types_id_seq OWNED BY public.tank_types.id;


--
-- Name: tanks_id_seq; Type: SEQUENCE; Schema: public; Owner: postgres
--

CREATE SEQUENCE public.tanks_id_seq
    AS integer
    START WITH 1
    INCREMENT BY 1
    NO MINVALUE
    NO MAXVALUE
    CACHE 1;


ALTER SEQUENCE public.tanks_id_seq OWNER TO postgres;

--
-- Name: tanks_id_seq; Type: SEQUENCE OWNED BY; Schema: public; Owner: postgres
--

ALTER SEQUENCE public.tanks_id_seq OWNED BY public.tanks.id;


--
-- Name: users; Type: TABLE; Schema: public; Owner: postgres
--

CREATE TABLE public.users (
    id integer NOT NULL,
    name character varying(50) NOT NULL,
    phone character varying(13) NOT NULL,
    role public.user_role DEFAULT 'user'::public.user_role NOT NULL,
    created_at timestamp without time zone DEFAULT now() NOT NULL,
    last_login timestamp without time zone,
    code character varying(60) NOT NULL,
    CONSTRAINT users_phone_check CHECK (((phone)::text ~ '^\+243[0-9]{9}$'::text))
);


ALTER TABLE public.users OWNER TO postgres;

--
-- Name: users_id_seq; Type: SEQUENCE; Schema: public; Owner: postgres
--

CREATE SEQUENCE public.users_id_seq
    AS integer
    START WITH 1
    INCREMENT BY 1
    NO MINVALUE
    NO MAXVALUE
    CACHE 1;


ALTER SEQUENCE public.users_id_seq OWNER TO postgres;

--
-- Name: users_id_seq; Type: SEQUENCE OWNED BY; Schema: public; Owner: postgres
--

ALTER SEQUENCE public.users_id_seq OWNED BY public.users.id;


--
-- Name: alerts id; Type: DEFAULT; Schema: public; Owner: postgres
--

ALTER TABLE ONLY public.alerts ALTER COLUMN id SET DEFAULT nextval('public.alerts_id_seq'::regclass);


--
-- Name: measurements id; Type: DEFAULT; Schema: public; Owner: postgres
--

ALTER TABLE ONLY public.measurements ALTER COLUMN id SET DEFAULT nextval('public.measurements_id_seq'::regclass);


--
-- Name: otp_codes id; Type: DEFAULT; Schema: public; Owner: tank_user
--

ALTER TABLE ONLY public.otp_codes ALTER COLUMN id SET DEFAULT nextval('public.otp_codes_id_seq'::regclass);


--
-- Name: tank_chart_point id; Type: DEFAULT; Schema: public; Owner: postgres
--

ALTER TABLE ONLY public.tank_chart_point ALTER COLUMN id SET DEFAULT nextval('public.tank_chart_point_id_seq'::regclass);


--
-- Name: tank_types id; Type: DEFAULT; Schema: public; Owner: postgres
--

ALTER TABLE ONLY public.tank_types ALTER COLUMN id SET DEFAULT nextval('public.tank_types_id_seq'::regclass);


--
-- Name: tanks id; Type: DEFAULT; Schema: public; Owner: postgres
--

ALTER TABLE ONLY public.tanks ALTER COLUMN id SET DEFAULT nextval('public.tanks_id_seq'::regclass);


--
-- Name: users id; Type: DEFAULT; Schema: public; Owner: postgres
--

ALTER TABLE ONLY public.users ALTER COLUMN id SET DEFAULT nextval('public.users_id_seq'::regclass);


--
-- Data for Name: alerts; Type: TABLE DATA; Schema: public; Owner: postgres
--

COPY public.alerts (id, tank_id, severity, message, status, created_at, updated_at, acknowledged_at, acknowledged_by, resolved_at, resolved_by) FROM stdin;
\.


--
-- Data for Name: measurements; Type: TABLE DATA; Schema: public; Owner: postgres
--

COPY public.measurements (id, tank_id, user_id, measured_height_cm, calculated_volume_liters, measured_at) FROM stdin;
\.


--
-- Data for Name: otp_codes; Type: TABLE DATA; Schema: public; Owner: tank_user
--

COPY public.otp_codes (id, phone, otp, created_at, expires_at, used) FROM stdin;
\.


--
-- Data for Name: tank_chart_point; Type: TABLE DATA; Schema: public; Owner: postgres
--

COPY public.tank_chart_point (id, tank_id, depth, volume) FROM stdin;
1	1	5.0	5.0
2	1	10.0	9.0
3	1	15.0	13.0
4	1	20.0	18.0
5	1	25.0	24.0
6	1	30.0	30.0
7	1	35.0	36.0
8	1	40.0	43.0
9	1	45.0	50.0
10	1	50.0	58.0
11	1	55.0	66.0
12	1	60.0	74.0
13	1	65.0	82.0
14	1	70.0	91.0
15	1	75.0	100.0
16	1	80.0	110.0
17	1	85.0	119.0
18	1	90.0	129.0
19	1	95.0	139.0
20	1	100.0	150.0
21	1	105.0	160.0
22	1	110.0	171.0
23	1	115.0	182.0
497	2	5.0	11.0
498	2	10.0	19.0
499	2	15.0	29.0
500	2	20.0	40.0
501	2	25.0	52.0
502	2	30.0	66.0
503	2	35.0	80.0
504	2	40.0	95.0
505	2	45.0	110.0
506	2	50.0	127.0
507	2	55.0	144.0
508	2	60.0	162.0
509	2	65.0	181.0
510	2	70.0	200.0
511	2	75.0	220.0
512	2	80.0	241.0
513	2	85.0	262.0
514	2	90.0	284.0
515	2	95.0	306.0
516	2	100.0	329.0
517	2	105.0	352.0
518	2	110.0	376.0
519	2	115.0	400.0
24	1	120.0	193.0
25	1	125.0	205.0
26	1	130.0	217.0
27	1	135.0	229.0
28	1	140.0	241.0
29	1	145.0	253.0
30	1	150.0	265.0
31	1	155.0	278.0
32	1	160.0	294.0
33	1	165.0	304.0
34	1	170.0	317.0
35	1	175.0	331.0
36	1	180.0	344.0
37	1	185.0	358.0
38	1	190.0	372.0
39	1	195.0	386.0
40	1	200.0	400.0
41	1	205.0	415.0
42	1	210.0	429.0
43	1	215.0	444.0
44	1	220.0	459.0
45	1	225.0	474.0
46	1	230.0	489.0
47	1	235.0	504.0
48	1	240.0	520.0
49	1	245.0	535.0
50	1	250.0	551.0
51	1	255.0	567.0
52	1	260.0	583.0
53	1	265.0	599.0
54	1	270.0	615.0
55	1	275.0	631.0
56	1	280.0	648.0
57	1	285.0	665.0
58	1	290.0	681.0
59	1	295.0	698.0
60	1	300.0	715.0
61	1	305.0	732.0
62	1	310.0	750.0
63	1	315.0	767.0
64	1	320.0	784.0
65	1	325.0	802.0
66	1	330.0	820.0
67	1	335.0	838.0
68	1	340.0	855.0
69	1	345.0	873.0
70	1	350.0	892.0
71	1	355.0	910.0
72	1	360.0	928.0
73	1	365.0	947.0
74	1	370.0	965.0
75	1	375.0	984.0
76	1	380.0	1003.0
77	1	385.0	1022.0
78	1	390.0	1040.0
79	1	395.0	1060.0
80	1	400.0	1079.0
81	1	405.0	1098.0
82	1	410.0	1117.0
83	1	415.0	1137.0
84	1	420.0	1156.0
85	1	425.0	1176.0
86	1	430.0	1196.0
87	1	435.0	1215.0
88	1	440.0	1235.0
89	1	445.0	1255.0
90	1	450.0	1275.0
91	1	455.0	1295.0
92	1	460.0	1316.0
93	1	465.0	1336.0
94	1	470.0	1356.0
95	1	475.0	1377.0
96	1	480.0	1397.0
97	1	485.0	1418.0
98	1	490.0	1439.0
99	1	495.0	1459.0
100	1	500.0	1480.0
101	1	505.0	1501.0
102	1	510.0	1522.0
103	1	515.0	1543.0
104	1	520.0	1565.0
105	1	525.0	1586.0
106	1	530.0	1607.0
107	1	535.0	1629.0
108	1	540.0	1650.0
109	1	545.0	1672.0
110	1	550.0	1693.0
111	1	555.0	1715.0
112	1	560.0	1737.0
113	1	565.0	1758.0
114	1	570.0	1780.0
115	1	575.0	1802.0
116	1	580.0	1824.0
117	1	585.0	1846.0
118	1	590.0	1868.0
119	1	595.0	1891.0
120	1	600.0	1913.0
121	1	605.0	1935.0
122	1	610.0	1958.0
123	1	615.0	1980.0
124	1	620.0	2003.0
125	1	625.0	2025.0
126	1	630.0	2048.0
127	1	635.0	2070.0
128	1	640.0	2093.0
129	1	645.0	2116.0
130	1	650.0	2139.0
3007	3	155.0	1175.0
3008	3	160.0	1230.0
3009	3	165.0	1286.0
3010	3	170.0	1342.0
3011	3	175.0	1399.0
3012	3	180.0	1457.0
3013	3	185.0	1515.0
131	1	655.0	2162.0
132	1	660.0	2185.0
133	1	665.0	2208.0
134	1	670.0	2231.0
135	1	675.0	2254.0
136	1	680.0	2277.0
137	1	685.0	2300.0
138	1	690.0	2324.0
139	1	695.0	2347.0
140	1	700.0	2371.0
141	1	705.0	2394.0
142	1	710.0	2411.0
143	1	715.0	2441.0
144	1	720.0	2465.0
145	1	725.0	2488.0
146	1	730.0	2512.0
147	1	735.0	2536.0
148	1	740.0	2559.0
149	1	745.0	2583.0
150	1	750.0	2607.0
151	1	755.0	2631.0
152	1	760.0	2655.0
153	1	765.0	2672.0
154	1	770.0	2709.0
155	1	775.0	2727.0
156	1	780.0	2751.0
157	1	785.0	2775.0
158	1	790.0	2800.0
159	1	795.0	2824.0
160	1	800.0	2848.0
161	1	805.0	2873.0
162	1	810.0	2897.0
163	1	815.0	2921.0
164	1	820.0	2946.0
165	1	825.0	2970.0
166	1	830.0	2995.0
167	1	835.0	3019.0
168	1	840.0	3044.0
169	1	845.0	3069.0
170	1	850.0	3093.0
171	1	855.0	3118.0
172	1	860.0	3143.0
173	1	865.0	3167.0
174	1	870.0	3192.0
175	1	875.0	3217.0
176	1	880.0	3242.0
177	1	885.0	3267.0
178	1	890.0	3292.0
179	1	895.0	3317.0
180	1	900.0	3342.0
181	1	905.0	3367.0
182	1	910.0	3392.0
183	1	915.0	3417.0
184	1	920.0	3442.0
185	1	925.0	3467.0
186	1	930.0	3492.0
187	1	935.0	3517.0
188	1	940.0	3542.0
189	1	945.0	3568.0
190	1	950.0	3593.0
191	1	955.0	3618.0
192	1	960.0	3644.0
193	1	965.0	3669.0
194	1	970.0	3694.0
195	1	975.0	3720.0
196	1	980.0	3745.0
197	1	985.0	3770.0
198	1	990.0	3796.0
199	1	995.0	3821.0
200	1	1000.0	3847.0
201	1	1005.0	3872.0
202	1	1010.0	3898.0
203	1	1015.0	3923.0
204	1	1020.0	3949.0
205	1	1025.0	3975.0
206	1	1030.0	4000.0
207	1	1035.0	4026.0
208	1	1040.0	4051.0
209	1	1045.0	4077.0
210	1	1050.0	4103.0
211	1	1055.0	4128.0
212	1	1060.0	4154.0
213	1	1065.0	4180.0
214	1	1070.0	4206.0
215	1	1075.0	4231.0
216	1	1080.0	4257.0
217	1	1085.0	4283.0
218	1	1090.0	4309.0
219	1	1095.0	4334.0
220	1	1100.0	4360.0
221	1	1105.0	4386.0
222	1	1110.0	4412.0
223	1	1115.0	4438.0
224	1	1120.0	4464.0
225	1	1125.0	4489.0
226	1	1130.0	4515.0
227	1	1135.0	4541.0
228	1	1140.0	4567.0
229	1	1145.0	4593.0
230	1	1150.0	4619.0
231	1	1155.0	4645.0
232	1	1160.0	4671.0
233	1	1165.0	4697.0
234	1	1170.0	4723.0
235	1	1175.0	4749.0
236	1	1180.0	4774.0
237	1	1185.0	4800.0
238	1	1190.0	4826.0
239	1	1195.0	4852.0
240	1	1200.0	4878.0
241	1	1205.0	4904.0
242	1	1210.0	4930.0
243	1	1215.0	4956.0
244	1	1220.0	4982.0
245	1	1225.0	5008.0
246	1	1230.0	5034.0
247	1	1235.0	5060.0
248	1	1240.0	5086.0
249	1	1245.0	5112.0
250	1	1250.0	5138.0
251	1	1255.0	5164.0
252	1	1260.0	5190.0
253	1	1265.0	5216.0
254	1	1270.0	5242.0
255	1	1275.0	5268.0
256	1	1280.0	5294.0
257	1	1285.0	5320.0
258	1	1290.0	5346.0
259	1	1295.0	5372.0
260	1	1300.0	5398.0
261	1	1305.0	5424.0
262	1	1310.0	5449.0
263	1	1315.0	5475.0
264	1	1320.0	5501.0
265	1	1325.0	5527.0
266	1	1330.0	5553.0
267	1	1335.0	5579.0
268	1	1340.0	5605.0
269	1	1345.0	5631.0
270	1	1350.0	5657.0
271	1	1355.0	5683.0
272	1	1360.0	5708.0
273	1	1365.0	5734.0
274	1	1370.0	5760.0
275	1	1375.0	5786.0
276	1	1380.0	5812.0
277	1	1385.0	5838.0
278	1	1390.0	5863.0
279	1	1395.0	5889.0
280	1	1400.0	5915.0
281	1	1405.0	5941.0
282	1	1410.0	5966.0
283	1	1415.0	5992.0
284	1	1420.0	6018.0
285	1	1425.0	6043.0
286	1	1430.0	6069.0
287	1	1435.0	6095.0
288	1	1440.0	6120.0
289	1	1445.0	6146.0
290	1	1450.0	6172.0
291	1	1455.0	6197.0
292	1	1460.0	6223.0
293	1	1465.0	6248.0
294	1	1470.0	6274.0
295	1	1475.0	6299.0
296	1	1480.0	6325.0
297	1	1485.0	6350.0
298	1	1490.0	6376.0
299	1	1495.0	6401.0
300	1	1500.0	6427.0
301	1	1505.0	6452.0
302	1	1510.0	6477.0
303	1	1515.0	6503.0
304	1	1520.0	6528.0
305	1	1525.0	6553.0
306	1	1530.0	6579.0
307	1	1535.0	6604.0
308	1	1540.0	6629.0
309	1	1545.0	6654.0
310	1	1550.0	6679.0
311	1	1555.0	6704.0
312	1	1560.0	6734.0
313	1	1565.0	6755.0
314	1	1570.0	6780.0
315	1	1575.0	6805.0
316	1	1580.0	6830.0
317	1	1585.0	6855.0
318	1	1590.0	6880.0
319	1	1595.0	6904.0
320	1	1600.0	6929.0
321	1	1605.0	6954.0
322	1	1610.0	6979.0
323	1	1615.0	7004.0
324	1	1620.0	7028.0
325	1	1625.0	7053.0
326	1	1630.0	7078.0
327	1	1635.0	7102.0
328	1	1640.0	7127.0
329	1	1645.0	7152.0
330	1	1650.0	7176.0
331	1	1655.0	7201.0
332	1	1660.0	7225.0
333	1	1665.0	7250.0
334	1	1670.0	7274.0
335	1	1675.0	7298.0
336	1	1680.0	7323.0
337	1	1685.0	7347.0
338	1	1690.0	7374.0
339	1	1695.0	7395.0
340	1	1700.0	7419.0
341	1	1705.0	7443.0
342	1	1710.0	7467.0
343	1	1715.0	7491.0
344	1	1720.0	7515.0
345	1	1725.0	7539.0
346	1	1730.0	7563.0
347	1	1735.0	7587.0
348	1	1740.0	7611.0
349	1	1745.0	7635.0
350	1	1750.0	7658.0
351	1	1755.0	7682.0
352	1	1760.0	7706.0
353	1	1765.0	7729.0
354	1	1770.0	7753.0
355	1	1775.0	7776.0
356	1	1780.0	7799.0
357	1	1785.0	7823.0
358	1	1790.0	7846.0
359	1	1795.0	7869.0
360	1	1800.0	7893.0
361	1	1805.0	7916.0
362	1	1810.0	7939.0
363	1	1815.0	7962.0
364	1	1820.0	7985.0
365	1	1825.0	8008.0
366	1	1830.0	8031.0
367	1	1835.0	8053.0
368	1	1840.0	8076.0
369	1	1845.0	8099.0
370	1	1850.0	8122.0
371	1	1855.0	8144.0
372	1	1860.0	8167.0
373	1	1865.0	8189.0
374	1	1870.0	8212.0
375	1	1875.0	8234.0
376	1	1880.0	8256.0
377	1	1885.0	8278.0
378	1	1890.0	8301.0
379	1	1895.0	8323.0
380	1	1900.0	8345.0
381	1	1905.0	8367.0
382	1	1910.0	8389.0
383	1	1915.0	8410.0
384	1	1920.0	8432.0
385	1	1925.0	8454.0
386	1	1930.0	8475.0
387	1	1935.0	8497.0
388	1	1940.0	8518.0
389	1	1945.0	8540.0
390	1	1950.0	8561.0
391	1	1955.0	8582.0
392	1	1960.0	8604.0
393	1	1965.0	8625.0
394	1	1970.0	8646.0
395	1	1975.0	8667.0
396	1	1980.0	8688.0
397	1	1985.0	8708.0
398	1	1990.0	8729.0
399	1	1995.0	8750.0
400	1	2000.0	8770.0
401	1	2005.0	8791.0
402	1	2010.0	8811.0
403	1	2015.0	8832.0
404	1	2020.0	8852.0
405	1	2025.0	8872.0
406	1	2030.0	8892.0
407	1	2035.0	8912.0
408	1	2040.0	8932.0
409	1	2045.0	8952.0
410	1	2050.0	8972.0
411	1	2055.0	8991.0
412	1	2060.0	9011.0
413	1	2065.0	9030.0
414	1	2070.0	9050.0
415	1	2075.0	9069.0
416	1	2080.0	9088.0
417	1	2085.0	9107.0
418	1	2090.0	9126.0
419	1	2095.0	9145.0
420	1	2100.0	9164.0
421	1	2105.0	9182.0
422	1	2110.0	9201.0
423	1	2115.0	9219.0
424	1	2120.0	9238.0
425	1	2125.0	9256.0
426	1	2130.0	9274.0
427	1	2135.0	9292.0
428	1	2140.0	9310.0
429	1	2145.0	9328.0
430	1	2150.0	9346.0
431	1	2155.0	9363.0
432	1	2160.0	9381.0
433	1	2165.0	9398.0
434	1	2170.0	9415.0
435	1	2175.0	9433.0
436	1	2180.0	9450.0
437	1	2185.0	9467.0
438	1	2190.0	9483.0
439	1	2195.0	9500.0
440	1	2200.0	9517.0
441	1	2205.0	9533.0
442	1	2210.0	9549.0
443	1	2215.0	9565.0
444	1	2220.0	9581.0
445	1	2225.0	9597.0
446	1	2230.0	9613.0
447	1	2235.0	9629.0
448	1	2240.0	9644.0
449	1	2245.0	9659.0
450	1	2250.0	9675.0
451	1	2255.0	9690.0
452	1	2260.0	9704.0
453	1	2265.0	9719.0
454	1	2270.0	9734.0
455	1	2275.0	9748.0
456	1	2280.0	9762.0
457	1	2285.0	9777.0
458	1	2290.0	9791.0
459	1	2295.0	9804.0
460	1	2300.0	9818.0
461	1	2305.0	9831.0
462	1	2310.0	9845.0
463	1	2315.0	9858.0
464	1	2320.0	9871.0
465	1	2325.0	9883.0
466	1	2330.0	9896.0
467	1	2335.0	9908.0
468	1	2340.0	9920.0
469	1	2345.0	9932.0
470	1	2350.0	9944.0
471	1	2355.0	9956.0
472	1	2360.0	9967.0
473	1	2365.0	9978.0
474	1	2370.0	9989.0
475	1	2375.0	10000.0
476	1	2380.0	10010.0
477	1	2385.0	10020.0
478	1	2390.0	10030.0
479	1	2395.0	10040.0
480	1	2400.0	10049.0
481	1	2405.0	10058.0
482	1	2410.0	10067.0
483	1	2415.0	10076.0
484	1	2420.0	10084.0
485	1	2425.0	10092.0
486	1	2430.0	10100.0
487	1	2435.0	10107.0
488	1	2440.0	10114.0
489	1	2445.0	10120.0
490	1	2450.0	10126.0
491	1	2455.0	10132.0
492	1	2460.0	10137.0
493	1	2465.0	10142.0
494	1	2470.0	10146.0
495	1	2475.0	10149.0
496	1	2480.0	10151.0
552	2	280.0	1424.0
553	2	285.0	1460.0
554	2	290.0	1497.0
555	2	295.0	1534.0
556	2	300.0	1572.0
557	2	305.0	1609.0
558	2	310.0	1647.0
559	2	315.0	1685.0
560	2	320.0	1724.0
561	2	325.0	1762.0
562	2	330.0	1801.0
563	2	335.0	1840.0
564	2	340.0	1880.0
565	2	345.0	1919.0
566	2	350.0	1959.0
567	2	355.0	1999.0
568	2	360.0	2040.0
569	2	365.0	2080.0
570	2	370.0	2121.0
571	2	375.0	2162.0
572	2	380.0	2203.0
573	2	385.0	2245.0
574	2	390.0	2286.0
575	2	395.0	2328.0
576	2	400.0	2370.0
577	2	405.0	2412.0
578	2	410.0	2455.0
579	2	415.0	2498.0
580	2	420.0	2541.0
581	2	425.0	2584.0
582	2	430.0	2627.0
583	2	435.0	2670.0
584	2	440.0	2714.0
585	2	445.0	2758.0
586	2	450.0	2802.0
587	2	455.0	2846.0
588	2	460.0	2891.0
589	2	465.0	2935.0
590	2	470.0	2980.0
591	2	475.0	3025.0
592	2	480.0	3070.0
593	2	485.0	3116.0
594	2	490.0	3161.0
595	2	495.0	3207.0
596	2	500.0	3253.0
597	2	505.0	3299.0
598	2	510.0	3345.0
599	2	515.0	3391.0
600	2	520.0	3438.0
601	2	525.0	3485.0
602	2	530.0	3531.0
603	2	535.0	3578.0
604	2	540.0	3626.0
605	2	545.0	3673.0
606	2	550.0	3720.0
607	2	555.0	3768.0
608	2	560.0	3816.0
609	2	565.0	3864.0
610	2	570.0	3912.0
611	2	575.0	3960.0
612	2	580.0	4008.0
613	2	585.0	4057.0
614	2	590.0	4106.0
615	2	595.0	4154.0
616	2	600.0	4203.0
617	2	605.0	4252.0
618	2	610.0	4302.0
619	2	615.0	4351.0
620	2	620.0	4400.0
621	2	625.0	4450.0
622	2	630.0	4500.0
623	2	635.0	4550.0
624	2	640.0	4600.0
625	2	645.0	4650.0
626	2	650.0	4700.0
627	2	655.0	4750.0
628	2	660.0	4801.0
629	2	665.0	4851.0
630	2	670.0	4902.0
631	2	675.0	4953.0
632	2	680.0	5004.0
633	2	685.0	5055.0
634	2	690.0	5106.0
635	2	695.0	5157.0
636	2	700.0	5209.0
637	2	705.0	5260.0
638	2	710.0	5312.0
639	2	715.0	5364.0
640	2	720.0	5415.0
641	2	725.0	5467.0
642	2	730.0	5519.0
643	2	735.0	5572.0
644	2	740.0	5624.0
645	2	745.0	5676.0
646	2	750.0	5729.0
647	2	755.0	5781.0
648	2	760.0	5834.0
649	2	765.0	5887.0
650	2	770.0	5939.0
651	2	775.0	5992.0
652	2	780.0	6045.0
653	2	785.0	6099.0
654	2	790.0	6152.0
655	2	795.0	6205.0
656	2	800.0	6258.0
657	2	805.0	6312.0
658	2	810.0	6365.0
659	2	815.0	6419.0
660	2	820.0	6473.0
661	2	825.0	6527.0
662	2	830.0	6580.0
663	2	835.0	6634.0
664	2	840.0	6688.0
665	2	845.0	6743.0
666	2	850.0	6797.0
667	2	855.0	6851.0
668	2	860.0	6905.0
669	2	865.0	6960.0
670	2	870.0	7014.0
671	2	875.0	7069.0
672	2	880.0	7123.0
673	2	885.0	7178.0
674	2	890.0	7233.0
675	2	895.0	7288.0
676	2	900.0	7343.0
677	2	905.0	7398.0
678	2	910.0	7453.0
679	2	915.0	7508.0
680	2	920.0	7563.0
681	2	925.0	7618.0
682	2	930.0	7673.0
683	2	935.0	7729.0
684	2	940.0	7784.0
685	2	945.0	7839.0
686	2	950.0	7895.0
687	2	955.0	7950.0
688	2	960.0	8006.0
689	2	965.0	8062.0
690	2	970.0	8117.0
691	2	975.0	8173.0
692	2	980.0	8229.0
693	2	985.0	8285.0
694	2	990.0	8341.0
695	2	995.0	8397.0
696	2	1000.0	8453.0
697	2	1005.0	8509.0
698	2	1010.0	8565.0
699	2	1015.0	8621.0
700	2	1020.0	8677.0
701	2	1025.0	8733.0
702	2	1030.0	8790.0
703	2	1035.0	8846.0
704	2	1040.0	8902.0
705	2	1045.0	8959.0
706	2	1050.0	9015.0
707	2	1055.0	9071.0
708	2	1060.0	9128.0
709	2	1065.0	9184.0
710	2	1070.0	9241.0
711	2	1075.0	9298.0
712	2	1080.0	9354.0
713	2	1085.0	9411.0
714	2	1090.0	9467.0
715	2	1095.0	9524.0
716	2	1100.0	9581.0
717	2	1105.0	9638.0
718	2	1110.0	9694.0
719	2	1115.0	9751.0
720	2	1120.0	9808.0
721	2	1125.0	9865.0
722	2	1130.0	9922.0
723	2	1135.0	9978.0
724	2	1140.0	10035.0
725	2	1145.0	10092.0
726	2	1150.0	10149.0
727	2	1155.0	10206.0
728	2	1160.0	10263.0
729	2	1165.0	10320.0
730	2	1170.0	10377.0
731	2	1175.0	10434.0
732	2	1180.0	10491.0
733	2	1185.0	10548.0
734	2	1190.0	10605.0
735	2	1195.0	10662.0
736	2	1200.0	10719.0
737	2	1205.0	10776.0
738	2	1210.0	10833.0
739	2	1215.0	10890.0
740	2	1220.0	10947.0
741	2	1225.0	11004.0
742	2	1230.0	11061.0
743	2	1235.0	11119.0
744	2	1240.0	11176.0
745	2	1245.0	11233.0
746	2	1250.0	11290.0
747	2	1255.0	11347.0
748	2	1260.0	11404.0
749	2	1265.0	11461.0
750	2	1270.0	11518.0
751	2	1275.0	11575.0
752	2	1280.0	11632.0
753	2	1285.0	11689.0
754	2	1290.0	11746.0
755	2	1295.0	11803.0
756	2	1300.0	11860.0
757	2	1305.0	11917.0
758	2	1310.0	11974.0
759	2	1315.0	12031.0
760	2	1320.0	12088.0
761	2	1325.0	12145.0
762	2	1330.0	12202.0
763	2	1335.0	12259.0
764	2	1340.0	12316.0
765	2	1345.0	12373.0
766	2	1350.0	12430.0
767	2	1355.0	12486.0
768	2	1360.0	12543.0
769	2	1365.0	12600.0
770	2	1370.0	12657.0
771	2	1375.0	12713.0
772	2	1380.0	12770.0
773	2	1385.0	12827.0
774	2	1390.0	12884.0
775	2	1395.0	12940.0
776	2	1400.0	12997.0
777	2	1405.0	13053.0
778	2	1410.0	13110.0
779	2	1415.0	13160.0
780	2	1420.0	13223.0
781	2	1425.0	13279.0
782	2	1430.0	13336.0
783	2	1435.0	13392.0
784	2	1440.0	13448.0
785	2	1445.0	13505.0
786	2	1450.0	13561.0
787	2	1455.0	13617.0
788	2	1460.0	13673.0
789	2	1465.0	13730.0
790	2	1470.0	13786.0
791	2	1475.0	13842.0
792	2	1480.0	13898.0
793	2	1485.0	13954.0
794	2	1490.0	14010.0
795	2	1495.0	14066.0
796	2	1500.0	14122.0
797	2	1505.0	14178.0
798	2	1510.0	14234.0
799	2	1515.0	14288.0
800	2	1520.0	14344.0
801	2	1525.0	14400.0
802	2	1530.0	14450.0
803	2	1535.0	14508.0
804	2	1540.0	14566.0
805	2	1545.0	14621.0
806	2	1550.0	14677.0
807	2	1555.0	14732.0
808	2	1560.0	14787.0
809	2	1565.0	14843.0
810	2	1570.0	14897.0
811	2	1575.0	14957.0
812	2	1580.0	15007.0
813	2	1585.0	15063.0
814	2	1590.0	15120.0
815	2	1595.0	15180.0
816	2	1600.0	15235.0
817	2	1605.0	15280.0
818	2	1610.0	15335.0
819	2	1615.0	15389.0
820	2	1620.0	15444.0
821	2	1625.0	15498.0
822	2	1630.0	15552.0
823	2	1635.0	15606.0
824	2	1640.0	15660.0
825	2	1645.0	15714.0
826	2	1650.0	15768.0
827	2	1655.0	15822.0
828	2	1660.0	15876.0
829	2	1665.0	15930.0
830	2	1670.0	15983.0
831	2	1675.0	16037.0
832	2	1680.0	16090.0
833	2	1685.0	16143.0
834	2	1690.0	16196.0
835	2	1695.0	16250.0
836	2	1700.0	16303.0
837	2	1705.0	16356.0
838	2	1710.0	16408.0
839	2	1715.0	16461.0
840	2	1720.0	16514.0
841	2	1725.0	16566.0
842	2	1730.0	16619.0
843	2	1735.0	16671.0
844	2	1740.0	16724.0
845	2	1745.0	16776.0
846	2	1750.0	16828.0
847	2	1755.0	16880.0
848	2	1760.0	16932.0
849	2	1765.0	16983.0
850	2	1770.0	17035.0
851	2	1775.0	17087.0
852	2	1780.0	17138.0
853	2	1785.0	17189.0
854	2	1790.0	17240.0
855	2	1795.0	17292.0
856	2	1800.0	17343.0
857	2	1805.0	17393.0
858	2	1810.0	17444.0
859	2	1815.0	17495.0
860	2	1820.0	17545.0
861	2	1825.0	17596.0
862	2	1830.0	17646.0
863	2	1835.0	17696.0
864	2	1840.0	17746.0
865	2	1845.0	17796.0
866	2	1850.0	17846.0
867	2	1855.0	17895.0
868	2	1860.0	17945.0
869	2	1865.0	17994.0
870	2	1870.0	18043.0
871	2	1875.0	18093.0
872	2	1880.0	18141.0
873	2	1885.0	18190.0
874	2	1890.0	18239.0
875	2	1895.0	18288.0
876	2	1900.0	18336.0
877	2	1905.0	18384.0
878	2	1910.0	18432.0
879	2	1915.0	18480.0
880	2	1920.0	18528.0
881	2	1925.0	18576.0
882	2	1930.0	18623.0
883	2	1935.0	18671.0
884	2	1940.0	18718.0
885	2	1945.0	18765.0
886	2	1950.0	18812.0
887	2	1955.0	18858.0
888	2	1960.0	18905.0
889	2	1965.0	18951.0
890	2	1970.0	18998.0
891	2	1975.0	19044.0
892	2	1980.0	19090.0
893	2	1985.0	19135.0
894	2	1990.0	19181.0
895	2	1995.0	19226.0
896	2	2000.0	19271.0
897	2	2005.0	19316.0
898	2	2010.0	19361.0
899	2	2015.0	19406.0
900	2	2020.0	19450.0
901	2	2025.0	19495.0
902	2	2030.0	19539.0
903	2	2035.0	19583.0
904	2	2040.0	19626.0
905	2	2045.0	19670.0
906	2	2050.0	19713.0
907	2	2055.0	19756.0
908	2	2060.0	19799.0
909	2	2065.0	19842.0
910	2	2070.0	19885.0
911	2	2075.0	19927.0
912	2	2080.0	19969.0
913	2	2085.0	20011.0
914	2	2090.0	20053.0
915	2	2095.0	20094.0
916	2	2100.0	20135.0
917	2	2105.0	20176.0
918	2	2110.0	20217.0
919	2	2115.0	20258.0
920	2	2120.0	20298.0
921	2	2125.0	20338.0
922	2	2130.0	20378.0
923	2	2135.0	20418.0
924	2	2140.0	20457.0
925	2	2145.0	20497.0
926	2	2150.0	20536.0
927	2	2155.0	20574.0
928	2	2160.0	20613.0
929	2	2165.0	20651.0
930	2	2170.0	20689.0
931	2	2175.0	20726.0
932	2	2180.0	20764.0
933	2	2185.0	20801.0
934	2	2190.0	20838.0
935	2	2195.0	20874.0
936	2	2200.0	20911.0
937	2	2205.0	20947.0
938	2	2210.0	20983.0
939	2	2215.0	21018.0
940	2	2220.0	21053.0
941	2	2225.0	21088.0
942	2	2230.0	21123.0
943	2	2235.0	21157.0
944	2	2240.0	21191.0
945	2	2245.0	21225.0
946	2	2250.0	21258.0
947	2	2255.0	21291.0
948	2	2260.0	21324.0
949	2	2265.0	21356.0
950	2	2270.0	21388.0
951	2	2275.0	21420.0
952	2	2280.0	21451.0
953	2	2285.0	21482.0
954	2	2290.0	21513.0
955	2	2295.0	21543.0
956	2	2300.0	21573.0
957	2	2305.0	21603.0
958	2	2310.0	21632.0
959	2	2315.0	21661.0
960	2	2320.0	21689.0
961	2	2325.0	21717.0
962	2	2330.0	21744.0
963	2	2335.0	21772.0
964	2	2340.0	21798.0
965	2	2345.0	21824.0
966	2	2350.0	21850.0
967	2	2355.0	21876.0
968	2	2360.0	21901.0
969	2	2365.0	21925.0
970	2	2370.0	21949.0
971	2	2375.0	21972.0
972	2	2380.0	21995.0
973	2	2385.0	22018.0
974	2	2390.0	22039.0
975	2	2395.0	22061.0
976	2	2400.0	22081.0
977	2	2405.0	22101.0
978	2	2410.0	22121.0
979	2	2415.0	22140.0
980	2	2420.0	22158.0
981	2	2425.0	22175.0
982	2	2430.0	22192.0
983	2	2435.0	22208.0
984	2	2440.0	22223.0
985	2	2445.0	22237.0
986	2	2450.0	22251.0
987	2	2455.0	22263.0
988	2	2460.0	22274.0
989	2	2465.0	22284.0
990	2	2470.0	22293.0
991	2	2475.0	22300.0
992	2	2480.0	22305.0
3019	3	215.0	1882.0
3020	3	220.0	1945.0
3021	3	225.0	2009.0
3022	3	230.0	2074.0
3023	3	235.0	2139.0
3024	3	240.0	2205.0
3025	3	245.0	2272.0
3026	3	250.0	2339.0
3027	3	255.0	2407.0
3028	3	260.0	2475.0
3029	3	265.0	2544.0
3030	3	270.0	2614.0
3031	3	275.0	2684.0
3032	3	280.0	2755.0
3033	3	285.0	2826.0
3034	3	290.0	2898.0
3035	3	295.0	2970.0
3036	3	300.0	3043.0
3037	3	305.0	3117.0
3038	3	310.0	3191.0
3039	3	315.0	3266.0
3040	3	320.0	3341.0
3041	3	325.0	3416.0
3042	3	330.0	3492.0
3043	3	335.0	3569.0
3044	3	340.0	3646.0
3045	3	345.0	3724.0
3046	3	350.0	3802.0
3047	3	355.0	3880.0
3048	3	360.0	3959.0
3049	3	365.0	4039.0
3050	3	370.0	4119.0
3051	3	375.0	4199.0
3052	3	380.0	4280.0
3053	3	385.0	4361.0
3054	3	390.0	4443.0
3055	3	395.0	4525.0
3056	3	400.0	4608.0
3057	3	405.0	4691.0
3058	3	410.0	4775.0
3059	3	415.0	4859.0
3060	3	420.0	4943.0
3061	3	425.0	5028.0
3062	3	430.0	5113.0
3063	3	435.0	5199.0
3064	3	440.0	5285.0
3065	3	445.0	5371.0
3066	3	450.0	5458.0
3067	3	455.0	5545.0
3068	3	460.0	5633.0
3069	3	465.0	5721.0
3070	3	470.0	5809.0
3071	3	475.0	5898.0
3072	3	480.0	5987.0
3073	3	485.0	6076.0
3074	3	490.0	6166.0
3075	3	495.0	6256.0
3076	3	500.0	6347.0
3077	3	505.0	6438.0
3078	3	510.0	6529.0
3079	3	515.0	6621.0
3080	3	520.0	6713.0
3081	3	525.0	6805.0
3082	3	530.0	6897.0
3083	3	535.0	6990.0
3084	3	540.0	7084.0
3085	3	545.0	7177.0
3086	3	550.0	7271.0
3087	3	555.0	7366.0
3088	3	560.0	7460.0
3089	3	565.0	7555.0
3090	3	570.0	7650.0
3091	3	575.0	7746.0
3092	3	580.0	7842.0
3093	3	585.0	7938.0
3094	3	590.0	8034.0
3095	3	595.0	8131.0
3096	3	600.0	8228.0
3097	3	605.0	8325.0
3098	3	610.0	8423.0
3099	3	615.0	8521.0
3100	3	620.0	8619.0
3101	3	625.0	8718.0
3102	3	630.0	8816.0
3103	3	635.0	8915.0
3104	3	640.0	9015.0
3105	3	645.0	9114.0
3106	3	650.0	9214.0
3107	3	655.0	9314.0
3108	3	660.0	9414.0
3109	3	665.0	9515.0
3110	3	670.0	9616.0
3111	3	675.0	9717.0
3112	3	680.0	9818.0
3113	3	685.0	9920.0
3114	3	690.0	10022.0
3115	3	695.0	10124.0
3116	3	700.0	10226.0
3117	3	705.0	10329.0
3118	3	710.0	10431.0
3119	3	715.0	10534.0
3120	3	720.0	10638.0
3121	3	725.0	10741.0
3122	3	730.0	10845.0
3123	3	735.0	10949.0
3124	3	740.0	11053.0
3125	3	745.0	11157.0
3126	3	750.0	11262.0
3127	3	755.0	11366.0
3128	3	760.0	11471.0
3129	3	765.0	11577.0
3130	3	770.0	11682.0
3131	3	775.0	11788.0
3132	3	780.0	11893.0
3133	3	785.0	11999.0
3134	3	790.0	12106.0
3135	3	795.0	12212.0
3136	3	800.0	12318.0
3137	3	805.0	12425.0
3138	3	810.0	12532.0
3139	3	815.0	12639.0
3140	3	820.0	12747.0
3141	3	825.0	12854.0
3142	3	830.0	12962.0
3143	3	835.0	13069.0
3144	3	840.0	13177.0
3145	3	845.0	13286.0
3146	3	850.0	13394.0
3147	3	855.0	13502.0
3148	3	860.0	13611.0
3149	3	865.0	13720.0
3150	3	870.0	13829.0
3151	3	875.0	13938.0
3152	3	880.0	14047.0
3153	3	885.0	14157.0
3154	3	890.0	14266.0
3155	3	895.0	14376.0
3156	3	900.0	14486.0
3157	3	905.0	14596.0
3158	3	910.0	14706.0
3159	3	915.0	14816.0
3160	3	920.0	14926.0
3161	3	925.0	15037.0
3162	3	930.0	15148.0
3163	3	935.0	15258.0
3164	3	940.0	15369.0
3165	3	945.0	15480.0
3166	3	950.0	15592.0
3167	3	955.0	15703.0
3168	3	960.0	15814.0
3169	3	965.0	15926.0
3170	3	970.0	16037.0
3171	3	975.0	16149.0
3172	3	980.0	16261.0
3173	3	985.0	16373.0
3174	3	990.0	16485.0
3175	3	995.0	16597.0
3176	3	1000.0	16709.0
3177	3	1005.0	16822.0
3178	3	1010.0	16934.0
3179	3	1015.0	17047.0
3180	3	1020.0	17159.0
3181	3	1025.0	17272.0
3182	3	1030.0	17385.0
3183	3	1035.0	17498.0
3184	3	1040.0	17611.0
3185	3	1045.0	17724.0
3186	3	1050.0	17837.0
3187	3	1055.0	17950.0
3188	3	1060.0	18063.0
3189	3	1065.0	18177.0
3190	3	1070.0	18290.0
3191	3	1075.0	18404.0
3192	3	1080.0	18517.0
3193	3	1085.0	18631.0
3194	3	1090.0	18744.0
3195	3	1095.0	18858.0
3196	3	1100.0	18972.0
3197	3	1105.0	19086.0
3198	3	1110.0	19200.0
3199	3	1115.0	19314.0
3200	3	1120.0	19428.0
3201	3	1125.0	19542.0
3202	3	1130.0	19656.0
3203	3	1135.0	19770.0
3204	3	1140.0	19884.0
3205	3	1145.0	19999.0
3206	3	1150.0	20113.0
3207	3	1155.0	20227.0
3208	3	1160.0	20341.0
3209	3	1165.0	20456.0
3210	3	1170.0	20570.0
3211	3	1175.0	20685.0
3212	3	1180.0	20799.0
3213	3	1185.0	20914.0
3214	3	1190.0	21028.0
3215	3	1195.0	21143.0
3216	3	1200.0	21257.0
3217	3	1205.0	21372.0
3218	3	1210.0	21486.0
3219	3	1215.0	21601.0
3220	3	1220.0	21715.0
3221	3	1225.0	21830.0
3222	3	1230.0	21945.0
3223	3	1235.0	22059.0
3224	3	1240.0	22174.0
3225	3	1245.0	22288.0
3226	3	1250.0	22403.0
3227	3	1255.0	22518.0
3228	3	1260.0	22632.0
3229	3	1265.0	22747.0
3230	3	1270.0	22861.0
3231	3	1275.0	22976.0
3232	3	1280.0	23091.0
3233	3	1285.0	23205.0
3234	3	1290.0	23320.0
3235	3	1295.0	23434.0
3236	3	1300.0	23548.0
3237	3	1305.0	23663.0
3238	3	1310.0	23777.0
3239	3	1315.0	23892.0
3240	3	1320.0	24006.0
3241	3	1325.0	24120.0
3242	3	1330.0	24235.0
3243	3	1335.0	24349.0
3244	3	1340.0	24463.0
3245	3	1345.0	24577.0
3246	3	1350.0	24691.0
3247	3	1355.0	24805.0
3248	3	1360.0	24920.0
3249	3	1365.0	25033.0
3250	3	1370.0	25147.0
3251	3	1375.0	25261.0
3252	3	1380.0	25375.0
3253	3	1385.0	25489.0
3254	3	1390.0	25603.0
3255	3	1395.0	25716.0
3256	3	1400.0	25830.0
3257	3	1405.0	25943.0
3258	3	1410.0	26057.0
3259	3	1415.0	26170.0
3260	3	1420.0	26283.0
3261	3	1425.0	26397.0
3262	3	1430.0	26510.0
3263	3	1435.0	26623.0
3264	3	1440.0	26736.0
3265	3	1445.0	26849.0
3266	3	1450.0	26962.0
3267	3	1455.0	27074.0
3268	3	1460.0	27187.0
3269	3	1465.0	27299.0
3270	3	1470.0	27412.0
3271	3	1475.0	27524.0
3272	3	1480.0	27637.0
3273	3	1485.0	27749.0
3274	3	1490.0	27861.0
3275	3	1495.0	27973.0
3276	3	1500.0	28085.0
3277	3	1505.0	28196.0
3278	3	1510.0	28308.0
3279	3	1515.0	28420.0
3280	3	1520.0	28531.0
3281	3	1525.0	28642.0
3282	3	1530.0	28753.0
3283	3	1535.0	28865.0
3284	3	1540.0	28975.0
3285	3	1545.0	29086.0
3286	3	1550.0	29197.0
3287	3	1555.0	29308.0
3288	3	1560.0	29418.0
3289	3	1565.0	29528.0
3290	3	1570.0	29638.0
3291	3	1575.0	29748.0
3292	3	1580.0	29858.0
3293	3	1585.0	29968.0
3294	3	1590.0	30078.0
3295	3	1595.0	30187.0
3296	3	1600.0	30296.0
3297	3	1605.0	30405.0
3298	3	1610.0	30514.0
3299	3	1615.0	30623.0
3300	3	1620.0	30732.0
3301	3	1625.0	30840.0
3302	3	1630.0	30949.0
3303	3	1635.0	31057.0
3304	3	1640.0	31165.0
3305	3	1645.0	31273.0
3306	3	1650.0	31381.0
3307	3	1655.0	31488.0
3308	3	1660.0	31595.0
3309	3	1665.0	31702.0
3310	3	1670.0	31809.0
3311	3	1675.0	31916.0
3312	3	1680.0	32023.0
3313	3	1685.0	32129.0
3314	3	1690.0	32235.0
3315	3	1695.0	32341.0
3316	3	1700.0	32447.0
3317	3	1705.0	32553.0
3318	3	1710.0	32658.0
3319	3	1715.0	32764.0
3320	3	1720.0	32869.0
3321	3	1725.0	32973.0
3322	3	1730.0	33078.0
3323	3	1735.0	33182.0
3324	3	1740.0	33287.0
3325	3	1745.0	33391.0
3326	3	1750.0	33494.0
3327	3	1755.0	33598.0
3328	3	1760.0	33701.0
3329	3	1765.0	33804.0
3330	3	1770.0	33907.0
3331	3	1775.0	34010.0
3332	3	1780.0	34112.0
3333	3	1785.0	34214.0
3334	3	1790.0	34316.0
3335	3	1795.0	34418.0
520	2	120.0	425.0
521	2	125.0	450.0
522	2	130.0	476.0
523	2	135.0	502.0
524	2	140.0	529.0
525	2	145.0	556.0
526	2	150.0	583.0
527	2	155.0	611.0
528	2	160.0	639.0
529	2	165.0	668.0
530	2	170.0	697.0
531	2	175.0	727.0
532	2	180.0	756.0
533	2	185.0	787.0
534	2	190.0	817.0
535	2	195.0	848.0
536	2	200.0	879.0
537	2	205.0	911.0
538	2	210.0	943.0
539	2	215.0	975.0
540	2	220.0	1008.0
541	2	225.0	1041.0
542	2	230.0	1074.0
543	2	235.0	1108.0
544	2	240.0	1142.0
545	2	245.0	1176.0
546	2	250.0	1211.0
547	2	255.0	1245.0
548	2	260.0	1280.0
549	2	265.0	1316.0
550	2	270.0	1352.0
551	2	275.0	1388.0
3336	3	1800.0	34519.0
3337	3	1805.0	34620.0
3338	3	1810.0	34721.0
3339	3	1815.0	34822.0
3340	3	1820.0	34922.0
3341	3	1825.0	35022.0
3342	3	1830.0	35122.0
3343	3	1835.0	35222.0
3344	3	1840.0	35321.0
3345	3	1845.0	35420.0
3346	3	1850.0	35519.0
3347	3	1855.0	35617.0
3348	3	1860.0	35716.0
3349	3	1865.0	35814.0
3350	3	1870.0	35911.0
3351	3	1875.0	36009.0
3352	3	1880.0	36106.0
3353	3	1885.0	36202.0
3354	3	1890.0	36299.0
3355	3	1895.0	36395.0
3356	3	1900.0	36491.0
3357	3	1905.0	36587.0
3358	3	1910.0	36682.0
3359	3	1915.0	36777.0
3360	3	1920.0	36872.0
3361	3	1925.0	36966.0
3362	3	1930.0	37060.0
3363	3	1935.0	37154.0
3364	3	1940.0	37247.0
3365	3	1945.0	37340.0
3366	3	1950.0	37433.0
3367	3	1955.0	37525.0
3368	3	1960.0	37617.0
3369	3	1965.0	37709.0
3370	3	1970.0	37800.0
3371	3	1975.0	37891.0
3372	3	1980.0	37982.0
3373	3	1985.0	38072.0
3374	3	1990.0	38162.0
3375	3	1995.0	38251.0
3376	3	2000.0	38341.0
3377	3	2005.0	38429.0
3378	3	2010.0	38518.0
3379	3	2015.0	38606.0
3380	3	2020.0	38694.0
3381	3	2025.0	38781.0
3382	3	2030.0	38868.0
3383	3	2035.0	38954.0
3384	3	2040.0	39040.0
3385	3	2045.0	39126.0
3386	3	2050.0	39211.0
3387	3	2055.0	39296.0
3388	3	2060.0	39381.0
3389	3	2065.0	39465.0
3390	3	2070.0	39548.0
3391	3	2075.0	39631.0
3392	3	2080.0	39714.0
3393	3	2085.0	39796.0
3394	3	2090.0	39878.0
3395	3	2095.0	39960.0
3396	3	2100.0	40041.0
3397	3	2105.0	40121.0
3398	3	2110.0	40201.0
3399	3	2115.0	40281.0
3400	3	2120.0	40360.0
3401	3	2125.0	40439.0
3402	3	2130.0	40517.0
3403	3	2135.0	40595.0
3404	3	2140.0	40672.0
3405	3	2145.0	40748.0
3406	3	2150.0	40825.0
3407	3	2155.0	40900.0
3408	3	2160.0	40976.0
3409	3	2165.0	41050.0
3410	3	2170.0	41124.0
3411	3	2175.0	41198.0
3412	3	2180.0	41271.0
3413	3	2185.0	41344.0
3414	3	2190.0	41416.0
3415	3	2195.0	41487.0
3416	3	2200.0	41558.0
3417	3	2205.0	41628.0
3418	3	2210.0	41698.0
3419	3	2215.0	41767.0
3420	3	2220.0	41836.0
3421	3	2225.0	41904.0
3422	3	2230.0	41971.0
3423	3	2235.0	42038.0
3424	3	2240.0	42104.0
3425	3	2245.0	42169.0
3426	3	2250.0	42234.0
3427	3	2255.0	42298.0
3428	3	2260.0	42362.0
3429	3	2265.0	42425.0
3430	3	2270.0	42487.0
3431	3	2275.0	42549.0
3432	3	2280.0	42609.0
3433	3	2285.0	42670.0
3434	3	2290.0	42729.0
3435	3	2295.0	42788.0
3436	3	2300.0	42846.0
3437	3	2305.0	42903.0
3438	3	2310.0	42959.0
3439	3	2315.0	43015.0
3440	3	2320.0	43070.0
3441	3	2325.0	43124.0
3442	3	2330.0	43177.0
3443	3	2335.0	43230.0
3444	3	2340.0	43281.0
3445	3	2345.0	43332.0
3446	3	2350.0	43382.0
3447	3	2355.0	43431.0
3448	3	2360.0	43479.0
3449	3	2365.0	43526.0
3450	3	2370.0	43572.0
3451	3	2375.0	43617.0
3452	3	2380.0	43661.0
3453	3	2385.0	43704.0
3454	3	2390.0	43746.0
3455	3	2395.0	43787.0
3456	3	2400.0	43827.0
3457	3	2405.0	43865.0
3458	3	2410.0	43903.0
3459	3	2415.0	43939.0
3460	3	2420.0	43974.0
3461	3	2425.0	44007.0
3462	3	2430.0	44039.0
3463	3	2435.0	44069.0
3464	3	2440.0	44098.0
3465	3	2445.0	44126.0
3466	3	2450.0	44151.0
3467	3	2455.0	44175.0
3468	3	2460.0	44196.0
3469	3	2465.0	44216.0
3470	3	2470.0	44232.0
3471	3	2475.0	44245.0
3472	3	2480.0	44254.0
1010	4	90.0	339.0
1011	4	95.0	366.0
1012	4	100.0	394.0
1013	4	105.0	422.0
1014	4	110.0	451.0
1015	4	115.0	480.0
1016	4	120.0	510.0
1017	4	125.0	541.0
1018	4	130.0	572.0
1019	4	135.0	604.0
1020	4	140.0	636.0
1021	4	145.0	669.0
1022	4	150.0	702.0
1023	4	155.0	736.0
1024	4	160.0	770.0
1025	4	165.0	805.0
1026	4	170.0	840.0
1027	4	175.0	876.0
1028	4	180.0	913.0
1029	4	185.0	949.0
1030	4	190.0	987.0
1031	4	195.0	1025.0
1032	4	200.0	1063.0
1033	4	205.0	1101.0
1034	4	210.0	1140.0
1035	4	215.0	1180.0
1036	4	220.0	1220.0
1037	4	225.0	1260.0
1038	4	230.0	1301.0
1039	4	235.0	1342.0
1040	4	240.0	1384.0
1041	4	245.0	1426.0
1042	4	250.0	1468.0
1043	4	255.0	1511.0
1044	4	260.0	1554.0
1045	4	265.0	1598.0
1046	4	270.0	1642.0
1047	4	275.0	1686.0
1048	4	280.0	1731.0
1049	4	285.0	1776.0
1050	4	290.0	1821.0
1051	4	295.0	1867.0
1052	4	300.0	1913.0
1053	4	305.0	1959.0
1054	4	310.0	2006.0
1055	4	315.0	2053.0
1056	4	320.0	2101.0
1057	4	325.0	2149.0
1058	4	330.0	2197.0
1059	4	335.0	2245.0
1060	4	340.0	2294.0
1061	4	345.0	2343.0
1062	4	350.0	2392.0
1063	4	355.0	2442.0
1064	4	360.0	2492.0
1065	4	365.0	2543.0
1066	4	370.0	2593.0
1067	4	375.0	2644.0
1068	4	380.0	2695.0
1069	4	385.0	2747.0
1070	4	390.0	2799.0
1071	4	395.0	2851.0
1072	4	400.0	2903.0
1073	4	405.0	2956.0
1074	4	410.0	3009.0
1075	4	415.0	3062.0
1076	4	420.0	3116.0
1077	4	425.0	3169.0
1078	4	430.0	3224.0
1079	4	435.0	3278.0
1080	4	440.0	3332.0
1081	4	445.0	3387.0
1082	4	450.0	3442.0
1083	4	455.0	3498.0
1084	4	460.0	3553.0
1085	4	465.0	3609.0
1086	4	470.0	3665.0
1087	4	475.0	3722.0
1088	4	480.0	3778.0
1089	4	485.0	3835.0
1090	4	490.0	3892.0
1091	4	495.0	3950.0
1092	4	500.0	4007.0
1093	4	505.0	4065.0
1094	4	510.0	4123.0
1095	4	515.0	4181.0
1096	4	520.0	4240.0
1097	4	525.0	4299.0
1098	4	530.0	4357.0
1099	4	535.0	4417.0
1100	4	540.0	4476.0
1101	4	545.0	4536.0
1102	4	550.0	4595.0
1103	4	555.0	4655.0
1104	4	560.0	4716.0
1105	4	565.0	4776.0
1106	4	570.0	4837.0
1107	4	575.0	4898.0
1108	4	580.0	4959.0
1109	4	585.0	5020.0
1110	4	590.0	5081.0
1111	4	595.0	5143.0
1112	4	600.0	5205.0
1113	4	605.0	5267.0
1114	4	610.0	5329.0
1115	4	615.0	5391.0
1116	4	620.0	5454.0
1117	4	625.0	5517.0
1118	4	630.0	5580.0
1119	4	635.0	5643.0
1120	4	640.0	5706.0
1121	4	645.0	5770.0
1122	4	650.0	5833.0
1123	4	655.0	5897.0
1124	4	660.0	5961.0
1125	4	665.0	6025.0
1126	4	670.0	6090.0
1127	4	675.0	6154.0
1128	4	680.0	6219.0
1129	4	685.0	6284.0
1130	4	690.0	6349.0
1131	4	695.0	6414.0
1132	4	700.0	6479.0
1133	4	705.0	6545.0
1134	4	710.0	6611.0
1135	4	715.0	6676.0
1136	4	720.0	6742.0
1137	4	725.0	6809.0
1138	4	730.0	6875.0
1139	4	735.0	6941.0
1140	4	740.0	7008.0
1141	4	745.0	7074.0
1142	4	750.0	7141.0
1143	4	755.0	7208.0
1144	4	760.0	7275.0
1145	4	765.0	7343.0
1146	4	770.0	7410.0
1147	4	775.0	7477.0
1148	4	780.0	7545.0
1149	4	785.0	7613.0
1150	4	790.0	7681.0
1151	4	795.0	7749.0
1152	4	800.0	7817.0
1153	4	805.0	7885.0
1154	4	810.0	7954.0
1155	4	815.0	8022.0
1156	4	820.0	8091.0
1157	4	825.0	8160.0
1158	4	830.0	8229.0
1159	4	835.0	8298.0
1160	4	840.0	8367.0
1161	4	845.0	8436.0
1162	4	850.0	8505.0
1163	4	855.0	8575.0
1164	4	860.0	8644.0
1165	4	865.0	8714.0
1166	4	870.0	8784.0
1167	4	875.0	8854.0
1168	4	880.0	8924.0
1169	4	885.0	8994.0
1170	4	890.0	9064.0
1171	4	895.0	9134.0
1172	4	900.0	9204.0
1173	4	905.0	9275.0
1174	4	910.0	9345.0
1175	4	915.0	9416.0
1176	4	920.0	9487.0
1177	4	925.0	9558.0
1178	4	930.0	9629.0
1179	4	935.0	9699.0
1180	4	940.0	9771.0
1181	4	945.0	9842.0
1182	4	950.0	9913.0
1183	4	955.0	9984.0
1184	4	960.0	10056.0
1185	4	965.0	10127.0
1186	4	970.0	10199.0
1187	4	975.0	10270.0
1188	4	980.0	10342.0
1189	4	985.0	10414.0
1190	4	990.0	10486.0
1191	4	995.0	10558.0
1192	4	1000.0	10630.0
1193	4	1005.0	10702.0
1194	4	1010.0	10774.0
1195	4	1015.0	10846.0
1196	4	1020.0	10918.0
1197	4	1025.0	10990.0
1198	4	1030.0	11063.0
1199	4	1035.0	11135.0
1200	4	1040.0	11208.0
1201	4	1045.0	11280.0
1202	4	1050.0	11353.0
1203	4	1055.0	11425.0
1204	4	1060.0	11498.0
1205	4	1065.0	11571.0
1206	4	1070.0	11643.0
1207	4	1075.0	11716.0
1208	4	1080.0	11789.0
1209	4	1085.0	11862.0
1210	4	1090.0	11935.0
1211	4	1095.0	12008.0
1212	4	1100.0	12081.0
1213	4	1105.0	12154.0
1214	4	1110.0	12227.0
1215	4	1115.0	12300.0
1216	4	1120.0	12373.0
1217	4	1125.0	12446.0
1218	4	1130.0	12520.0
1219	4	1135.0	12593.0
1220	4	1140.0	12666.0
1221	4	1145.0	12740.0
1222	4	1150.0	12813.0
1223	4	1155.0	12886.0
1224	4	1160.0	12960.0
1225	4	1165.0	13033.0
1226	4	1170.0	13106.0
1227	4	1175.0	13180.0
1228	4	1180.0	13253.0
1229	4	1185.0	13327.0
1230	4	1190.0	13400.0
1231	4	1195.0	13474.0
1232	4	1200.0	13547.0
1233	4	1205.0	13621.0
1234	4	1210.0	13694.0
1235	4	1215.0	13768.0
1236	4	1220.0	13841.0
1237	4	1225.0	13915.0
1238	4	1230.0	13988.0
1239	4	1235.0	14062.0
1240	4	1240.0	14136.0
1241	4	1245.0	14209.0
1242	4	1250.0	14283.0
1243	4	1255.0	14356.0
1244	4	1260.0	14430.0
1245	4	1265.0	14503.0
1246	4	1270.0	14577.0
1247	4	1275.0	14650.0
1248	4	1280.0	14724.0
1249	4	1285.0	14797.0
1250	4	1290.0	14871.0
1251	4	1295.0	14944.0
1252	4	1300.0	15018.0
1253	4	1305.0	15091.0
1254	4	1310.0	15165.0
1255	4	1315.0	15238.0
1256	4	1320.0	15311.0
1257	4	1325.0	15385.0
1258	4	1330.0	15458.0
1259	4	1335.0	15531.0
1260	4	1340.0	15605.0
1261	4	1345.0	15678.0
1262	4	1350.0	15751.0
1263	4	1355.0	15824.0
1264	4	1360.0	15898.0
1265	4	1365.0	15971.0
1266	4	1370.0	16044.0
1267	4	1375.0	16117.0
1268	4	1380.0	16190.0
1269	4	1385.0	16263.0
1270	4	1390.0	16336.0
1271	4	1395.0	16409.0
1272	4	1400.0	16482.0
1273	4	1405.0	16554.0
1274	4	1410.0	16627.0
1275	4	1415.0	16700.0
1276	4	1420.0	16773.0
2977	3	5.0	21.0
2978	3	10.0	37.0
2979	3	15.0	56.0
2980	3	20.0	77.0
2981	3	25.0	100.0
2982	3	30.0	125.0
2983	3	35.0	152.0
2984	3	40.0	181.0
2985	3	45.0	211.0
2986	3	50.0	243.0
2987	3	55.0	276.0
2988	3	60.0	310.0
2989	3	65.0	346.0
2990	3	70.0	383.0
2991	3	75.0	422.0
2992	3	80.0	461.0
2993	3	85.0	502.0
2994	3	90.0	544.0
2995	3	95.0	586.0
2996	3	100.0	630.0
2997	3	105.0	675.0
2998	3	110.0	721.0
2999	3	115.0	768.0
3000	3	120.0	816.0
3001	3	125.0	864.0
3002	3	130.0	914.0
3003	3	135.0	965.0
3004	3	140.0	1016.0
3005	3	145.0	1068.0
3006	3	150.0	1121.0
1277	4	1425.0	16845.0
1278	4	1430.0	16918.0
1279	4	1435.0	16990.0
1280	4	1440.0	17063.0
1281	4	1445.0	17135.0
1282	4	1450.0	17208.0
1283	4	1455.0	17280.0
1284	4	1460.0	17352.0
1285	4	1465.0	17424.0
1286	4	1470.0	17496.0
1287	4	1475.0	17568.0
1288	4	1480.0	17640.0
1289	4	1485.0	17712.0
1290	4	1490.0	17784.0
1291	4	1495.0	17856.0
1292	4	1500.0	17928.0
1293	4	1505.0	17999.0
1294	4	1510.0	18071.0
1295	4	1515.0	18142.0
1296	4	1520.0	18214.0
1297	4	1525.0	18285.0
1298	4	1530.0	18356.0
1299	4	1535.0	18428.0
1300	4	1540.0	18499.0
1301	4	1545.0	18570.0
1302	4	1550.0	18641.0
1303	4	1555.0	18711.0
1304	4	1560.0	18782.0
1305	4	1565.0	18853.0
1306	4	1570.0	18923.0
1307	4	1575.0	18994.0
1308	4	1580.0	19064.0
1309	4	1585.0	19135.0
1310	4	1590.0	19205.0
1311	4	1595.0	19275.0
1312	4	1600.0	19345.0
1313	4	1605.0	19415.0
1314	4	1610.0	19484.0
1315	4	1615.0	19554.0
1316	4	1620.0	19624.0
1317	4	1625.0	19693.0
1318	4	1630.0	19763.0
1319	4	1635.0	19832.0
1320	4	1640.0	19901.0
1321	4	1645.0	19970.0
1322	4	1650.0	20039.0
1323	4	1655.0	20108.0
1324	4	1660.0	20176.0
1325	4	1665.0	20245.0
1326	4	1670.0	20345.0
1327	4	1675.0	20382.0
1328	4	1680.0	20450.0
1329	4	1685.0	20518.0
1330	4	1690.0	20586.0
1331	4	1695.0	20654.0
1332	4	1700.0	20721.0
1333	4	1705.0	20789.0
1334	4	1710.0	20856.0
1335	4	1715.0	20924.0
1336	4	1720.0	20991.0
1337	4	1725.0	21058.0
1338	4	1730.0	21125.0
1339	4	1735.0	21191.0
1340	4	1740.0	21258.0
1341	4	1745.0	21324.0
1342	4	1750.0	21391.0
1343	4	1755.0	21457.0
1344	4	1760.0	21523.0
1345	4	1765.0	21589.0
1346	4	1770.0	21654.0
1347	4	1775.0	21720.0
1348	4	1780.0	21785.0
1349	4	1785.0	21850.0
1350	4	1790.0	21915.0
1351	4	1795.0	21980.0
1352	4	1800.0	22045.0
1353	4	1805.0	22110.0
1354	4	1810.0	22174.0
1355	4	1815.0	22238.0
1356	4	1820.0	22302.0
1357	4	1825.0	22366.0
1358	4	1830.0	22430.0
1359	4	1835.0	22493.0
1360	4	1840.0	22557.0
1361	4	1845.0	22620.0
1362	4	1850.0	22683.0
1363	4	1855.0	22746.0
1364	4	1860.0	22808.0
1365	4	1865.0	22871.0
1366	4	1870.0	22933.0
1367	4	1875.0	22995.0
1368	4	1880.0	23057.0
1369	4	1885.0	23119.0
1370	4	1890.0	23180.0
1371	4	1895.0	23242.0
1372	4	1900.0	23303.0
1373	4	1905.0	23363.0
1374	4	1910.0	23424.0
1375	4	1915.0	23485.0
1376	4	1920.0	23545.0
1377	4	1925.0	23605.0
1378	4	1930.0	23665.0
1379	4	1935.0	23724.0
1380	4	1940.0	23784.0
1381	4	1945.0	23843.0
1382	4	1950.0	23902.0
1383	4	1955.0	23961.0
1384	4	1960.0	24019.0
1385	4	1965.0	24078.0
1386	4	1970.0	24136.0
1387	4	1975.0	24194.0
1388	4	1980.0	24251.0
1389	4	1985.0	24309.0
1390	4	1990.0	24366.0
1391	4	1995.0	24423.0
1392	4	2000.0	24479.0
1393	4	2005.0	24536.0
1394	4	2010.0	24592.0
1395	4	2015.0	24648.0
1396	4	2020.0	24703.0
1397	4	2025.0	24759.0
1398	4	2030.0	24814.0
1399	4	2035.0	24869.0
1400	4	2040.0	24924.0
1401	4	2045.0	24978.0
1402	4	2050.0	25032.0
1403	4	2055.0	25086.0
1404	4	2060.0	25139.0
1405	4	2065.0	25193.0
1406	4	2070.0	25246.0
1407	4	2075.0	25299.0
1408	4	2080.0	25351.0
1409	4	2085.0	25403.0
1410	4	2090.0	25455.0
1411	4	2095.0	25507.0
1412	4	2100.0	25558.0
1413	4	2105.0	25609.0
1414	4	2110.0	25660.0
1415	4	2115.0	25710.0
1416	4	2120.0	25760.0
1417	4	2125.0	25810.0
1418	4	2130.0	25859.0
1419	4	2135.0	25909.0
1420	4	2140.0	25957.0
1421	4	2145.0	26006.0
1422	4	2150.0	26054.0
1423	4	2155.0	26102.0
1424	4	2160.0	26150.0
1425	4	2165.0	26197.0
1426	4	2170.0	26244.0
1427	4	2175.0	26290.0
1428	4	2180.0	26336.0
1429	4	2185.0	26382.0
1430	4	2190.0	26428.0
1431	4	2195.0	26473.0
1432	4	2200.0	26517.0
1433	4	2205.0	26562.0
1434	4	2210.0	26606.0
1435	4	2215.0	26649.0
1436	4	2220.0	26693.0
1437	4	2225.0	26736.0
1438	4	2230.0	26778.0
1439	4	2235.0	26820.0
1440	4	2240.0	26862.0
1441	4	2245.0	26903.0
1442	4	2250.0	26944.0
1443	4	2255.0	26984.0
1444	4	2260.0	27024.0
1445	4	2265.0	27064.0
1446	4	2270.0	27103.0
1447	4	2275.0	27142.0
1448	4	2280.0	27180.0
1449	4	2285.0	27218.0
1450	4	2290.0	27255.0
1451	4	2295.0	27292.0
1452	4	2300.0	27329.0
1453	4	2305.0	27365.0
1454	4	2310.0	27400.0
1455	4	2315.0	27435.0
1456	4	2320.0	27470.0
1457	4	2325.0	27504.0
1458	4	2330.0	27537.0
1459	4	2335.0	27570.0
1460	4	2340.0	27602.0
1461	4	2345.0	27634.0
1462	4	2350.0	27665.0
1463	4	2355.0	27696.0
1464	4	2360.0	27726.0
1465	4	2365.0	27756.0
1466	4	2370.0	27785.0
1467	4	2375.0	27813.0
1468	4	2380.0	27841.0
1469	4	2385.0	27868.0
1470	4	2390.0	27894.0
1471	4	2395.0	27919.0
1472	4	2400.0	27944.0
1473	4	2405.0	27968.0
1474	4	2410.0	27992.0
1475	4	2415.0	28014.0
1476	4	2420.0	28036.0
1477	4	2425.0	28057.0
1478	4	2430.0	28077.0
1479	4	2435.0	28096.0
1480	4	2440.0	28114.0
1481	4	2445.0	28131.0
1482	4	2450.0	28147.0
1483	4	2455.0	28162.0
1484	4	2460.0	28175.0
1485	4	2465.0	28187.0
1486	4	2470.0	28197.0
1487	4	2475.0	28206.0
1488	4	2480.0	28211.0
1489	5	5.0	8.0
1490	5	10.0	14.0
1491	5	15.0	22.0
1492	5	20.0	30.0
1493	5	25.0	39.0
1494	5	30.0	48.0
1495	5	35.0	59.0
1496	5	40.0	70.0
1497	5	45.0	82.0
1498	5	50.0	94.0
1499	5	55.0	107.0
1500	5	60.0	120.0
1501	5	65.0	134.0
1502	5	70.0	148.0
1503	5	75.0	163.0
1504	5	80.0	178.0
1505	5	85.0	193.0
1506	5	90.0	209.0
1507	5	95.0	226.0
1508	5	100.0	243.0
1509	5	105.0	260.0
1510	5	110.0	278.0
1511	5	115.0	295.0
1512	5	120.0	314.0
1513	5	125.0	332.0
1514	5	130.0	351.0
1515	5	135.0	371.0
1516	5	140.0	390.0
1517	5	145.0	410.0
1518	5	150.0	431.0
1519	5	155.0	451.0
1520	5	160.0	472.0
1521	5	165.0	493.0
1522	5	170.0	515.0
1523	5	175.0	537.0
1524	5	180.0	559.0
1525	5	185.0	581.0
1526	5	190.0	603.0
1527	5	195.0	626.0
1528	5	200.0	649.0
1529	5	205.0	673.0
1530	5	210.0	696.0
1531	5	215.0	720.0
1532	5	220.0	744.0
1533	5	225.0	769.0
1534	5	230.0	793.0
1535	5	235.0	818.0
1536	5	240.0	843.0
1537	5	245.0	868.0
1538	5	250.0	894.0
1539	5	255.0	920.0
1540	5	260.0	946.0
1541	5	265.0	972.0
1542	5	270.0	998.0
1543	5	275.0	1025.0
1544	5	280.0	1051.0
1545	5	285.0	1078.0
1546	5	290.0	1106.0
1547	5	295.0	1133.0
1548	5	300.0	1161.0
1549	5	305.0	1188.0
1550	5	310.0	1216.0
1551	5	315.0	1245.0
1552	5	320.0	1273.0
1553	5	325.0	1301.0
1554	5	330.0	1330.0
1555	5	335.0	1359.0
1556	5	340.0	1388.0
1557	5	345.0	1417.0
1565	5	385.0	1658.0
1566	5	390.0	1688.0
1567	5	395.0	1719.0
1568	5	400.0	1750.0
1569	5	405.0	1781.0
1570	5	410.0	1813.0
1571	5	415.0	1844.0
1572	5	420.0	1876.0
1573	5	425.0	1908.0
1574	5	430.0	1940.0
1575	5	435.0	1972.0
1576	5	440.0	2004.0
1577	5	445.0	2037.0
1578	5	450.0	2069.0
1579	5	455.0	2102.0
1580	5	460.0	2135.0
1581	5	465.0	2168.0
1582	5	470.0	2201.0
1583	5	475.0	2234.0
1584	5	480.0	2267.0
1585	5	485.0	2301.0
1586	5	490.0	2334.0
1587	5	495.0	2368.0
1588	5	500.0	2402.0
1589	5	505.0	2436.0
1590	5	510.0	2470.0
1591	5	515.0	2504.0
1592	5	520.0	2539.0
1593	5	525.0	2573.0
1594	5	530.0	2608.0
1595	5	535.0	2643.0
1596	5	540.0	2677.0
1597	5	545.0	2712.0
1598	5	550.0	2747.0
1599	5	555.0	2783.0
1600	5	560.0	2818.0
1601	5	565.0	2853.0
1602	5	570.0	2889.0
1603	5	575.0	2924.0
1604	5	580.0	2960.0
1605	5	585.0	2996.0
1606	5	590.0	3032.0
1607	5	595.0	3068.0
1608	5	600.0	3104.0
1609	5	605.0	3140.0
1610	5	610.0	3176.0
1611	5	615.0	3213.0
1612	5	620.0	3249.0
1613	5	625.0	3286.0
1614	5	630.0	3323.0
1615	5	635.0	3360.0
1616	5	640.0	3397.0
1617	5	645.0	3434.0
1618	5	650.0	3471.0
1619	5	655.0	3508.0
1620	5	660.0	3545.0
1621	5	665.0	3582.0
1622	5	670.0	3620.0
1623	5	675.0	3657.0
1624	5	680.0	3695.0
1625	5	685.0	3733.0
1626	5	690.0	3771.0
1627	5	695.0	3808.0
1628	5	700.0	3846.0
1629	5	705.0	3884.0
1630	5	710.0	3923.0
1631	5	715.0	3961.0
1632	5	720.0	3999.0
1633	5	725.0	4037.0
1634	5	730.0	4076.0
1635	5	735.0	4114.0
1636	5	740.0	4153.0
1637	5	745.0	4192.0
1638	5	750.0	4230.0
1639	5	755.0	4269.0
1640	5	760.0	4308.0
1641	5	765.0	4347.0
1642	5	770.0	4386.0
1643	5	775.0	4425.0
1644	5	780.0	4464.0
1645	5	785.0	4503.0
1646	5	790.0	4543.0
1647	5	795.0	4582.0
1648	5	800.0	4621.0
1649	5	805.0	4661.0
1650	5	810.0	4701.0
1651	5	815.0	4740.0
1652	5	820.0	4780.0
1653	5	825.0	4820.0
1654	5	830.0	4859.0
1655	5	835.0	4899.0
1656	5	840.0	4939.0
1657	5	845.0	4979.0
1658	5	850.0	5019.0
1659	5	855.0	5059.0
1660	5	860.0	5099.0
1661	5	865.0	5139.0
1662	5	870.0	5180.0
1663	5	875.0	5220.0
1664	5	880.0	5260.0
1665	5	885.0	5301.0
1666	5	890.0	5341.0
1667	5	895.0	5382.0
1668	5	900.0	5422.0
1669	5	905.0	5463.0
1670	5	910.0	5503.0
1671	5	915.0	5544.0
1672	5	920.0	5585.0
1673	5	925.0	5625.0
1674	5	930.0	5666.0
1675	5	935.0	5707.0
1676	5	940.0	5748.0
1677	5	945.0	5789.0
1678	5	950.0	5830.0
1679	5	955.0	5871.0
1680	5	960.0	5912.0
1681	5	965.0	5953.0
1682	5	970.0	5994.0
1683	5	975.0	6035.0
1684	5	980.0	6077.0
1685	5	985.0	6118.0
1686	5	990.0	6159.0
1687	5	995.0	6201.0
1688	5	1000.0	6242.0
1689	5	1005.0	6283.0
1690	5	1010.0	6325.0
1691	5	1015.0	6366.0
3014	3	190.0	1575.0
3015	3	195.0	1635.0
3016	3	200.0	1695.0
3017	3	205.0	1757.0
3018	3	210.0	1819.0
1692	5	1020.0	6408.0
1693	5	1025.0	6449.0
1694	5	1030.0	6491.0
1695	5	1035.0	6532.0
1696	5	1040.0	6574.0
1697	5	1045.0	6615.0
1698	5	1050.0	6657.0
1699	5	1055.0	6699.0
1700	5	1060.0	6740.0
1701	5	1065.0	6782.0
1702	5	1070.0	6824.0
1703	5	1075.0	6866.0
1704	5	1080.0	6908.0
1705	5	1085.0	6949.0
1706	5	1090.0	6991.0
1707	5	1095.0	7033.0
1708	5	1100.0	7075.0
1709	5	1105.0	7117.0
1710	5	1110.0	7159.0
1711	5	1115.0	7201.0
1712	5	1120.0	7243.0
1713	5	1125.0	7285.0
1714	5	1130.0	7327.0
1715	5	1135.0	7369.0
1716	5	1140.0	7411.0
1717	5	1145.0	7453.0
1718	5	1150.0	7495.0
1719	5	1155.0	7537.0
1720	5	1160.0	7579.0
1721	5	1165.0	7621.0
1722	5	1170.0	7663.0
1723	5	1175.0	7705.0
1724	5	1180.0	7747.0
1725	5	1185.0	7789.0
1726	5	1190.0	7831.0
1727	5	1195.0	7873.0
1728	5	1200.0	7916.0
1729	5	1205.0	7958.0
1730	5	1210.0	8000.0
1731	5	1215.0	8042.0
1732	5	1220.0	8084.0
1733	5	1225.0	8126.0
1734	5	1230.0	8168.0
1735	5	1235.0	8210.0
1736	5	1240.0	8253.0
1737	5	1245.0	8295.0
1738	5	1250.0	8337.0
1739	5	1255.0	8379.0
1740	5	1260.0	8421.0
1741	5	1265.0	8463.0
1742	5	1270.0	8505.0
1743	5	1275.0	8548.0
1744	5	1280.0	8590.0
1745	5	1285.0	8632.0
1746	5	1290.0	8674.0
1747	5	1295.0	8716.0
1748	5	1300.0	8758.0
1749	5	1305.0	8800.0
1750	5	1310.0	8842.0
1751	5	1315.0	8884.0
1752	5	1320.0	8926.0
1753	5	1325.0	8969.0
1754	5	1330.0	9011.0
1755	5	1335.0	9053.0
1756	5	1340.0	9095.0
1757	5	1345.0	9137.0
1758	5	1350.0	9179.0
1759	5	1355.0	9221.0
1760	5	1360.0	9262.0
1761	5	1365.0	9304.0
1762	5	1370.0	9346.0
1763	5	1375.0	9388.0
1764	5	1380.0	9430.0
1765	5	1385.0	9472.0
1766	5	1390.0	9514.0
1767	5	1395.0	9556.0
1768	5	1400.0	9597.0
1769	5	1405.0	9639.0
1770	5	1410.0	9681.0
1771	5	1415.0	9723.0
1772	5	1420.0	9764.0
1773	5	1425.0	9806.0
1774	5	1430.0	9848.0
1775	5	1435.0	9889.0
1776	5	1440.0	9931.0
1777	5	1445.0	9973.0
1778	5	1450.0	10014.0
1779	5	1455.0	10056.0
1780	5	1460.0	10097.0
1781	5	1465.0	10139.0
1782	5	1470.0	10180.0
1783	5	1475.0	10221.0
1784	5	1480.0	10263.0
1785	5	1485.0	10304.0
1786	5	1490.0	10345.0
1787	5	1495.0	10387.0
1788	5	1500.0	10428.0
1789	5	1505.0	10469.0
1790	5	1510.0	10510.0
1791	5	1515.0	10551.0
1792	5	1520.0	10592.0
1793	5	1525.0	10633.0
1794	5	1530.0	10674.0
1795	5	1535.0	10715.0
1796	5	1540.0	10756.0
1797	5	1545.0	10797.0
1798	5	1550.0	10838.0
1799	5	1555.0	10879.0
1800	5	1560.0	10919.0
1801	5	1565.0	10960.0
1802	5	1570.0	11001.0
1803	5	1575.0	11041.0
1804	5	1580.0	11082.0
1805	5	1585.0	11122.0
1806	5	1590.0	11163.0
1807	5	1595.0	11203.0
1808	5	1600.0	11244.0
1809	5	1605.0	11284.0
1810	5	1610.0	11324.0
1811	5	1615.0	11364.0
1812	5	1620.0	11404.0
1813	5	1625.0	11445.0
1814	5	1630.0	11485.0
1815	5	1635.0	11525.0
1816	5	1640.0	11564.0
1817	5	1645.0	11604.0
1818	5	1650.0	11644.0
1819	5	1655.0	11684.0
1820	5	1660.0	11723.0
1821	5	1665.0	11763.0
1822	5	1670.0	11803.0
1823	5	1675.0	11842.0
1824	5	1680.0	11882.0
1825	5	1685.0	11921.0
1826	5	1690.0	11960.0
1827	5	1695.0	11999.0
1828	5	1700.0	12039.0
1829	5	1705.0	12078.0
1830	5	1710.0	12117.0
1831	5	1715.0	12156.0
1832	5	1720.0	12195.0
1833	5	1725.0	12233.0
1834	5	1730.0	12272.0
1835	5	1735.0	12311.0
1836	5	1740.0	12349.0
1837	5	1745.0	12388.0
1838	5	1750.0	12426.0
993	4	5.0	13.0
994	4	10.0	23.0
995	4	15.0	35.0
996	4	20.0	48.0
997	4	25.0	62.0
998	4	30.0	78.0
999	4	35.0	95.0
1000	4	40.0	113.0
1001	4	45.0	131.0
1002	4	50.0	151.0
1003	4	55.0	172.0
1004	4	60.0	194.0
1005	4	65.0	216.0
1006	4	70.0	239.0
1007	4	75.0	263.0
1008	4	80.0	288.0
1009	4	85.0	323.0
1558	5	350.0	1447.0
1559	5	355.0	1476.0
1560	5	360.0	1506.0
1561	5	365.0	1536.0
1562	5	370.0	1566.0
1563	5	375.0	1596.0
1564	5	380.0	1627.0
1839	5	1755.0	12465.0
1840	5	1760.0	12503.0
1841	5	1765.0	12541.0
1842	5	1770.0	12579.0
1843	5	1775.0	12618.0
1844	5	1780.0	12656.0
1845	5	1785.0	12693.0
1846	5	1790.0	12731.0
1847	5	1795.0	12769.0
1848	5	1800.0	12807.0
1849	5	1805.0	12844.0
1850	5	1810.0	12882.0
1851	5	1815.0	12919.0
1852	5	1820.0	12956.0
1853	5	1825.0	12993.0
1854	5	1830.0	13031.0
1855	5	1835.0	13068.0
1856	5	1840.0	13105.0
1857	5	1845.0	13141.0
1858	5	1850.0	13178.0
1859	5	1855.0	13215.0
1860	5	1860.0	13251.0
1861	5	1865.0	13288.0
1862	5	1870.0	13324.0
1863	5	1875.0	13360.0
1864	5	1880.0	13397.0
1865	5	1885.0	13433.0
1866	5	1890.0	13469.0
1867	5	1895.0	13504.0
1868	5	1900.0	13540.0
1869	5	1905.0	13576.0
1870	5	1910.0	13611.0
1871	5	1915.0	13647.0
1872	5	1920.0	13682.0
1873	5	1925.0	13717.0
1874	5	1930.0	13752.0
1875	5	1935.0	13787.0
1876	5	1940.0	13822.0
1877	5	1945.0	13857.0
1878	5	1950.0	13891.0
1879	5	1955.0	13926.0
1880	5	1960.0	13960.0
1881	5	1965.0	13995.0
1882	5	1970.0	14029.0
1883	5	1975.0	14063.0
1884	5	1980.0	14097.0
1885	5	1985.0	14130.0
1886	5	1990.0	14164.0
1887	5	1995.0	14198.0
1888	5	2000.0	14231.0
1889	5	2005.0	14264.0
1890	5	2010.0	14297.0
1891	5	2015.0	14330.0
1892	5	2020.0	14363.0
1893	5	2025.0	14396.0
1894	5	2030.0	14428.0
1895	5	2035.0	14461.0
1896	5	2040.0	14493.0
1897	5	2045.0	14525.0
1898	5	2050.0	14557.0
1899	5	2055.0	14589.0
1900	5	2060.0	14621.0
1901	5	2065.0	14652.0
1902	5	2070.0	14684.0
1903	5	2075.0	14715.0
1904	5	2080.0	14746.0
1905	5	2085.0	14777.0
1906	5	2090.0	14808.0
1907	5	2095.0	14839.0
1908	5	2100.0	14869.0
1909	5	2105.0	14899.0
1910	5	2110.0	14929.0
1911	5	2115.0	14959.0
1912	5	2120.0	14989.0
1913	5	2125.0	15019.0
1914	5	2130.0	15048.0
1915	5	2135.0	15078.0
1916	5	2140.0	15107.0
1917	5	2145.0	15136.0
1918	5	2150.0	15164.0
1919	5	2155.0	15193.0
1920	5	2160.0	15221.0
1921	5	2165.0	15250.0
1922	5	2170.0	15278.0
1923	5	2175.0	15305.0
1924	5	2180.0	15333.0
1925	5	2185.0	15360.0
1926	5	2190.0	15388.0
1927	5	2195.0	15415.0
1928	5	2200.0	15442.0
1929	5	2205.0	15468.0
1930	5	2210.0	15495.0
1931	5	2215.0	15521.0
1932	5	2220.0	15547.0
1933	5	2225.0	15573.0
1934	5	2230.0	15598.0
1935	5	2235.0	15623.0
1936	5	2240.0	15648.0
1937	5	2245.0	15673.0
1938	5	2250.0	15698.0
1939	5	2255.0	15722.0
1940	5	2260.0	15747.0
1941	5	2265.0	15770.0
1942	5	2270.0	15794.0
1943	5	2275.0	15817.0
1944	5	2280.0	15841.0
1945	5	2285.0	15864.0
1946	5	2290.0	15886.0
1947	5	2295.0	15909.0
1948	5	2300.0	15931.0
1949	5	2305.0	15952.0
1950	5	2310.0	15974.0
1951	5	2315.0	15995.0
1952	5	2320.0	16016.0
1953	5	2325.0	16037.0
1954	5	2330.0	16057.0
1955	5	2335.0	16077.0
1956	5	2340.0	16097.0
1957	5	2345.0	16116.0
1958	5	2350.0	16135.0
1959	5	2355.0	16154.0
1960	5	2360.0	16172.0
1961	5	2365.0	16190.0
1962	5	2370.0	16208.0
1963	5	2375.0	16225.0
1964	5	2380.0	16242.0
1965	5	2385.0	16259.0
1966	5	2390.0	16275.0
1967	5	2395.0	16291.0
1968	5	2400.0	16306.0
1969	5	2405.0	16321.0
1970	5	2410.0	16335.0
1971	5	2415.0	16349.0
1972	5	2420.0	16362.0
1973	5	2425.0	16375.0
1974	5	2430.0	16388.0
1975	5	2435.0	16399.0
1976	5	2440.0	16411.0
1977	5	2445.0	16421.0
1978	5	2450.0	16431.0
1979	5	2455.0	16440.0
1980	5	2460.0	16448.0
1981	5	2465.0	16456.0
1982	5	2470.0	16462.0
1983	5	2475.0	16467.0
1984	5	2480.0	16471.0
\.


--
-- Data for Name: tank_types; Type: TABLE DATA; Schema: public; Owner: postgres
--

COPY public.tank_types (id, name) FROM stdin;
1	Essence
2	Gazole
\.


--
-- Data for Name: tanks; Type: TABLE DATA; Schema: public; Owner: postgres
--

COPY public.tanks (id, name, capacity, type_id) FROM stdin;
1	Sc1	10000	1
2	Sc2	22000	1
3	Sc3	44000	1
4	Go1	28000	2
5	Go2	16000	2
\.


--
-- Data for Name: users; Type: TABLE DATA; Schema: public; Owner: postgres
--

COPY public.users (id, name, phone, role, created_at, last_login, code) FROM stdin;
2	Joshua Test	+243812345678	admin	2026-01-26 08:06:11.46405	2026-01-26 08:06:11.866712	$2b$10$bknIftdXnmyJMFWY5VhVYO9BZl8T.YP04ddjsLX6HawYCyj/SCRLi
5	Test Pompiste	+243812345679	user	2026-01-27 13:47:07.829137	2026-01-27 13:48:35.425774	$2b$10$f.dptvJS6cx0QxRMcTvQZuvtT/A85V0q7eO2tZmiAe12ZftVdnNwW
6	Atho Matondo	+243854846249	user	2026-01-28 01:51:54.104758	2026-01-28 01:54:29.690243	$2b$10$UNGWLNaS6poCcTOMuLEjEOkGekvMsIzPOBxd.NfWJujU4m.yELKDW
8	Atho Matondo	+243854846248	user	2026-01-28 02:04:34.949087	2026-01-28 02:05:12.309174	$2b$10$ST4zd8cRwqmZ6fOtq3h2GO27VNjza.20AHRZ2EhGTV6/ydAuszNg.
9	Atho Matondo	+243983701123	user	2026-01-28 02:21:35.696681	2026-01-28 02:22:12.34169	$2b$10$hjTcXRsn99oxlluA0m.Zae8aOnHDgaksVyWY9UI1r9dEIlMPAbuD.
\.


--
-- Name: alerts_id_seq; Type: SEQUENCE SET; Schema: public; Owner: postgres
--

SELECT pg_catalog.setval('public.alerts_id_seq', 1, false);


--
-- Name: measurements_id_seq; Type: SEQUENCE SET; Schema: public; Owner: postgres
--

SELECT pg_catalog.setval('public.measurements_id_seq', 1, false);


--
-- Name: otp_codes_id_seq; Type: SEQUENCE SET; Schema: public; Owner: tank_user
--

SELECT pg_catalog.setval('public.otp_codes_id_seq', 1, false);


--
-- Name: tank_chart_point_id_seq; Type: SEQUENCE SET; Schema: public; Owner: postgres
--

SELECT pg_catalog.setval('public.tank_chart_point_id_seq', 8432, true);


--
-- Name: tank_types_id_seq; Type: SEQUENCE SET; Schema: public; Owner: postgres
--

SELECT pg_catalog.setval('public.tank_types_id_seq', 2, true);


--
-- Name: tanks_id_seq; Type: SEQUENCE SET; Schema: public; Owner: postgres
--

SELECT pg_catalog.setval('public.tanks_id_seq', 5, true);


--
-- Name: users_id_seq; Type: SEQUENCE SET; Schema: public; Owner: postgres
--

SELECT pg_catalog.setval('public.users_id_seq', 9, true);


--
-- Name: alerts alerts_pkey; Type: CONSTRAINT; Schema: public; Owner: postgres
--

ALTER TABLE ONLY public.alerts
    ADD CONSTRAINT alerts_pkey PRIMARY KEY (id);


--
-- Name: measurements measurements_pkey; Type: CONSTRAINT; Schema: public; Owner: postgres
--

ALTER TABLE ONLY public.measurements
    ADD CONSTRAINT measurements_pkey PRIMARY KEY (id);


--
-- Name: otp_codes otp_codes_pkey; Type: CONSTRAINT; Schema: public; Owner: tank_user
--

ALTER TABLE ONLY public.otp_codes
    ADD CONSTRAINT otp_codes_pkey PRIMARY KEY (id);


--
-- Name: tank_chart_point tank_chart_point_pkey; Type: CONSTRAINT; Schema: public; Owner: postgres
--

ALTER TABLE ONLY public.tank_chart_point
    ADD CONSTRAINT tank_chart_point_pkey PRIMARY KEY (id);


--
-- Name: tank_chart_point tank_chart_point_tank_id_depth_key; Type: CONSTRAINT; Schema: public; Owner: postgres
--

ALTER TABLE ONLY public.tank_chart_point
    ADD CONSTRAINT tank_chart_point_tank_id_depth_key UNIQUE (tank_id, depth);


--
-- Name: tank_types tank_types_name_key; Type: CONSTRAINT; Schema: public; Owner: postgres
--

ALTER TABLE ONLY public.tank_types
    ADD CONSTRAINT tank_types_name_key UNIQUE (name);


--
-- Name: tank_types tank_types_pkey; Type: CONSTRAINT; Schema: public; Owner: postgres
--

ALTER TABLE ONLY public.tank_types
    ADD CONSTRAINT tank_types_pkey PRIMARY KEY (id);


--
-- Name: tanks tanks_name_key; Type: CONSTRAINT; Schema: public; Owner: postgres
--

ALTER TABLE ONLY public.tanks
    ADD CONSTRAINT tanks_name_key UNIQUE (name);


--
-- Name: tanks tanks_pkey; Type: CONSTRAINT; Schema: public; Owner: postgres
--

ALTER TABLE ONLY public.tanks
    ADD CONSTRAINT tanks_pkey PRIMARY KEY (id);


--
-- Name: users users_phone_key; Type: CONSTRAINT; Schema: public; Owner: postgres
--

ALTER TABLE ONLY public.users
    ADD CONSTRAINT users_phone_key UNIQUE (phone);


--
-- Name: users users_pkey; Type: CONSTRAINT; Schema: public; Owner: postgres
--

ALTER TABLE ONLY public.users
    ADD CONSTRAINT users_pkey PRIMARY KEY (id);


--
-- Name: idx_alerts_severity; Type: INDEX; Schema: public; Owner: postgres
--

CREATE INDEX idx_alerts_severity ON public.alerts USING btree (severity);


--
-- Name: idx_alerts_status; Type: INDEX; Schema: public; Owner: postgres
--

CREATE INDEX idx_alerts_status ON public.alerts USING btree (status);


--
-- Name: idx_alerts_tank; Type: INDEX; Schema: public; Owner: postgres
--

CREATE INDEX idx_alerts_tank ON public.alerts USING btree (tank_id);


--
-- Name: idx_measurements_tank; Type: INDEX; Schema: public; Owner: postgres
--

CREATE INDEX idx_measurements_tank ON public.measurements USING btree (tank_id);


--
-- Name: idx_measurements_user; Type: INDEX; Schema: public; Owner: postgres
--

CREATE INDEX idx_measurements_user ON public.measurements USING btree (user_id);


--
-- Name: unique_admin; Type: INDEX; Schema: public; Owner: postgres
--

CREATE UNIQUE INDEX unique_admin ON public.users USING btree (role) WHERE (role = 'admin'::public.user_role);


--
-- Name: unique_superadmin; Type: INDEX; Schema: public; Owner: postgres
--

CREATE UNIQUE INDEX unique_superadmin ON public.users USING btree (role) WHERE (role = 'superAdmin'::public.user_role);


--
-- Name: alerts alerts_acknowledged_by_fkey; Type: FK CONSTRAINT; Schema: public; Owner: postgres
--

ALTER TABLE ONLY public.alerts
    ADD CONSTRAINT alerts_acknowledged_by_fkey FOREIGN KEY (acknowledged_by) REFERENCES public.users(id);


--
-- Name: alerts alerts_resolved_by_fkey; Type: FK CONSTRAINT; Schema: public; Owner: postgres
--

ALTER TABLE ONLY public.alerts
    ADD CONSTRAINT alerts_resolved_by_fkey FOREIGN KEY (resolved_by) REFERENCES public.users(id);


--
-- Name: alerts alerts_tank_id_fkey; Type: FK CONSTRAINT; Schema: public; Owner: postgres
--

ALTER TABLE ONLY public.alerts
    ADD CONSTRAINT alerts_tank_id_fkey FOREIGN KEY (tank_id) REFERENCES public.tanks(id) ON DELETE CASCADE;


--
-- Name: measurements measurements_tank_id_fkey; Type: FK CONSTRAINT; Schema: public; Owner: postgres
--

ALTER TABLE ONLY public.measurements
    ADD CONSTRAINT measurements_tank_id_fkey FOREIGN KEY (tank_id) REFERENCES public.tanks(id) ON DELETE CASCADE;


--
-- Name: measurements measurements_user_id_fkey; Type: FK CONSTRAINT; Schema: public; Owner: postgres
--

ALTER TABLE ONLY public.measurements
    ADD CONSTRAINT measurements_user_id_fkey FOREIGN KEY (user_id) REFERENCES public.users(id) ON DELETE CASCADE;


--
-- Name: tank_chart_point tank_chart_point_tank_id_fkey; Type: FK CONSTRAINT; Schema: public; Owner: postgres
--

ALTER TABLE ONLY public.tank_chart_point
    ADD CONSTRAINT tank_chart_point_tank_id_fkey FOREIGN KEY (tank_id) REFERENCES public.tanks(id) ON DELETE CASCADE;


--
-- Name: tanks tanks_type_id_fkey; Type: FK CONSTRAINT; Schema: public; Owner: postgres
--

ALTER TABLE ONLY public.tanks
    ADD CONSTRAINT tanks_type_id_fkey FOREIGN KEY (type_id) REFERENCES public.tank_types(id);


--
-- Name: TABLE alerts; Type: ACL; Schema: public; Owner: postgres
--

GRANT ALL ON TABLE public.alerts TO tank_user;


--
-- Name: SEQUENCE alerts_id_seq; Type: ACL; Schema: public; Owner: postgres
--

GRANT ALL ON SEQUENCE public.alerts_id_seq TO tank_user;


--
-- Name: TABLE measurements; Type: ACL; Schema: public; Owner: postgres
--

GRANT ALL ON TABLE public.measurements TO tank_user;


--
-- Name: SEQUENCE measurements_id_seq; Type: ACL; Schema: public; Owner: postgres
--

GRANT ALL ON SEQUENCE public.measurements_id_seq TO tank_user;


--
-- Name: TABLE tank_chart_point; Type: ACL; Schema: public; Owner: postgres
--

GRANT ALL ON TABLE public.tank_chart_point TO tank_user;


--
-- Name: SEQUENCE tank_chart_point_id_seq; Type: ACL; Schema: public; Owner: postgres
--

GRANT ALL ON SEQUENCE public.tank_chart_point_id_seq TO tank_user;


--
-- Name: TABLE tanks; Type: ACL; Schema: public; Owner: postgres
--

GRANT ALL ON TABLE public.tanks TO tank_user;


--
-- Name: TABLE tank_status; Type: ACL; Schema: public; Owner: postgres
--

GRANT ALL ON TABLE public.tank_status TO tank_user;


--
-- Name: TABLE tank_types; Type: ACL; Schema: public; Owner: postgres
--

GRANT ALL ON TABLE public.tank_types TO tank_user;


--
-- Name: SEQUENCE tank_types_id_seq; Type: ACL; Schema: public; Owner: postgres
--

GRANT ALL ON SEQUENCE public.tank_types_id_seq TO tank_user;


--
-- Name: SEQUENCE tanks_id_seq; Type: ACL; Schema: public; Owner: postgres
--

GRANT ALL ON SEQUENCE public.tanks_id_seq TO tank_user;


--
-- Name: TABLE users; Type: ACL; Schema: public; Owner: postgres
--

GRANT ALL ON TABLE public.users TO tank_user;


--
-- Name: SEQUENCE users_id_seq; Type: ACL; Schema: public; Owner: postgres
--

GRANT ALL ON SEQUENCE public.users_id_seq TO tank_user;


--
-- PostgreSQL database dump complete
--

